user_id,related_profile
271698321,maudyayunda
271698321,skzk_yusuke
271698321,dagelan
271698321,maxwellsalvadorr
271698321,erikarichardo
271698321,tiaraandini
271698321,tasyafarasya
271698321,riaricis1795
271698321,rachelvennya
271698321,ntsana
271698321,awreceh.id
271698321,hansoljang110
271698321,pandawaragroup
271698321,gibran_rakabuming
271698321,coppamagz
271698321,yislamaljaidi
271698321,vaniawinola
271698321,najwashihab
271698321,cakecaine
271698321,nandaarsynt
271698321,tercipungcipung
271698321,ussfeeds
271698321,evelynchrestella
271698321,phrrince
271698321,leo_edw
271698321,mahaliniraharja
271698321,na.jaemin0813
271698321,abidzar73
271698321,fadlyfsl_
271698321,shaniamelia
271698321,gisel_la
271698321,fbyputrinc
271698321,jscmila
271698321,zeeasadel
271698321,michelleziu
271698321,aurelie.hermansyah
271698321,inspirasikristen_
271698321,arafahrianti
271698321,juliaprt7
271698321,shintaeyong7777
271698321,adiba.knza
271698321,indyratnap
271698321,claurakiehl
271698321,yukikt
271698321,rucenuenda
271698321,marselinoferdinan10
271698321,tasyiiathasyia
271698321,juansennnnn
271698321,anyageraldine
271698321,horang.wave
271698321,catatanfilm
271698321,dwihandaanda
271698321,lalalalisa_m
271698321,shadirafirdausii
271698321,kimbabfamily.official
271698321,mantappucorp
271698321,kadityarakann
271698321,onyourm__ark
271698321,koreadispatch
271698321,imanusman
271698321,yurayunita
271698321,nct
271698321,vinamuliana
271698321,nabilervatra
271698321,okintph
271698321,haechanahceah
271698321,celloszxz
271698321,fyi.korea
271698321,inigempiii
271698321,apiipp
271698321,alifhiafitri
271698321,kemdikbud.ri
271698321,sabrinachairunnisa_
271698321,stanleyhaooo
271698321,aliciaeva9
271698321,cindyorchide
271698321,_irishbella_
271698321,ananzaprili
271698321,alfysaga
271698321,uarmyhope
298160527,cazetv
298160527,fatosnerdoficial
298160527,cocielo
298160527,viralizou
298160527,neymarjr
298160527,fatosecrencas
298160527,cabramacho
298160527,alfinetei
298160527,hugogloss
298160527,virginia
298160527,senaitalo
298160527,astronomiainterestelar
298160527,comecorda
298160527,bbcbrasil
298160527,lacteameufii
298160527,coisaspvchapado
298160527,thiago.nigro
298160527,rafaellatuma
298160527,luvadepedreiro
298160527,mentor_milionario
298160527,brino
298160527,desolaoficial
298160527,tododiatheoffice
298160527,paginalixo
298160527,toguro
298160527,sbtthenoite
298160527,tata
298160527,felca0
298160527,isaias
298160527,iza
298160527,olkabone
298160527,ofaustocarvalho
298160527,terra_update
298160527,manualdomundo
298160527,matheuscosta
298160527,cafajestando
298160527,pesmilgrau_
298160527,igmusiics
298160527,realidadesimulada
298160527,folhadespaulo
298160527,desafiomeioambiente
298160527,sikerajr
298160527,tricotei
298160527,estudantedepressao
298160527,aradiorock
298160527,alok
298160527,rapboxoficial
298160527,nbabrasil
298160527,odezinhof
298160527,jojotodynho
298160527,conhecimentoocultoo
298160527,lixeiramemes
298160527,mchariel
298160527,tinocandotv
298160527,leodias
298160527,playstation_br
298160527,meusarcasmo
298160527,doentesporfutebol
298160527,aquelascuriosidades
298160527,richarlison
298160527,rebecarandrade
298160527,hojenomundomilitar
298160527,jumcassini
298160527,curiosidades_todo_dia
298160527,dc.da.depressao
298160527,area.do.homem
298160527,souironicooficial
298160527,fofoquei
298160527,lulaoficial
298160527,mentedesucessoo
298160527,manualjr
298160527,portalr7
298160527,skurtbrasil
298160527,domingosdossantosnetott
298160527,juliobalestrinoficial
298160527,oledobrasil
298160527,bianca
298160527,waguinhov
298160527,marimaria
298160527,ocrentesincero
4821401887,mindset.therapy
4821401887,justinlaboy
4821401887,alphamotivation0
4821401887,todayyearsold
4821401887,fuckboyproblem.s
4821401887,factsdailyy
4821401887,sportscenter
4821401887,lewishowes
4821401887,thebillionaireplaybook
4821401887,pickuplines
4821401887,meme.ig
4821401887,hoodclips
4821401887,50cent
4821401887,robertfkennedyjr
4821401887,houseofhighlights
4821401887,tuckercarlson
4821401887,buildalpha
4821401887,elite.mindsets
4821401887,wordporm
4821401887,ladbible
4821401887,hustlersnthehood
4821401887,russellbrand
4821401887,codiesanchez
4821401887,gentleman.handbook
4821401887,thebusinesshacks
4821401887,davidjharrisjr
4821401887,the_higher_self__
4821401887,melrobbins
4821401887,the.success.club
4821401887,coreneurohealth
4821401887,blackhustlersclub
4821401887,dannymorel
4821401887,biggsburke
4821401887,docrob.holistic
4821401887,epicfunnypage
4821401887,thefoodbabe
4821401887,fmlcaps
4821401887,showerfeelings
4821401887,secrets2success
4821401887,pubertyhits
4821401887,punsworld
4821401887,manifestation_law__
4821401887,9gag
4821401887,fastingmd
4821401887,kimkardashian
4821401887,motivmastery
4821401887,netflixnmovies
4821401887,ghantaa
4821401887,jordan_the_stallion8
4821401887,ufc
4821401887,alpha_leaders
4821401887,davidgoggins
4821401887,nba
4821401887,love.quotes
4821401887,naughtyworld
4821401887,lilduval
4821401887,funnyhoodvidz
4821401887,bbcnews
4821401887,creative_explained
4821401887,vanessabryant
4821401887,laurenlondon
4821401887,trolls_official
4821401887,_adultgram_
4821401887,fashionnova
4821401887,theestallion
4821401887,bangerbuddy
4821401887,factmafia
4821401887,teamtrump
4821401887,hotfreestyle
4821401887,living_springs_retreat
4821401887,theschoolofhardknockz
4821401887,themarkethustle
4821401887,words_worth_billions
4821401887,nugget
4821401887,garybrecka
4821401887,beautiful_holistic_
4821401887,kashkhanofficial
4821401887,danicawalkerenergy
4821401887,deeptruthes
4821401887,blackmillionaires_
175146592,virginia
175146592,carla.zambelli
175146592,jojotodynho
175146592,fccintiachagass
175146592,leodias
175146592,sameragi
175146592,pavinatto
175146592,revistaoeste
175146592,gutogalamba
175146592,paulovcoach
175146592,zoebmartinez
175146592,flaviobolsonaro
175146592,thiago.nigro
175146592,marcelvanhattem
175146592,anapaulavolei
175146592,pefabiodemelo
175146592,franklinmedrado
175146592,hugogloss
175146592,ivana__jauregui
175146592,boletimcoppolla
175146592,lucianohangbr
175146592,anapaulasiebert
175146592,alfinetei
175146592,deiveleonardo
175146592,biancacamargo
175146592,pablomarcal1
175146592,padre_patrick
175146592,filhasdeeva
175146592,alexandregarcia.br
175146592,fernandabrittoprotocolo
175146592,yasmincastilho
175146592,rafaellatuma
175146592,andrefernandes
175146592,cleitinhoazevedo
175146592,oratinho
175146592,talithapereira
175146592,heloisa.bolsonaro
175146592,nutrijoaomuzzy
175146592,eltoneuler
175146592,ricamorim
175146592,prlucinho
175146592,anapaulavaladao
175146592,augustosnunesoficial
175146592,dr.monteze
175146592,sikerajr
175146592,programapanico
175146592,nikolasferreira.dep
175146592,ocrentesincero
175146592,giovannaantonelli
175146592,silasmalafaia
175146592,rebecanemer
175146592,juarezleiteoficial
175146592,mauriciodovolei
175146592,brunabiancardi
175146592,neymarjr
175146592,viihtube
175146592,olavodecarvalho
175146592,soueunavida
175146592,fernandapetrizi
175146592,iza
175146592,fatosdesconhecidos
175146592,bianca
175146592,transdedireita.sp
175146592,patriciaabravanel
175146592,cintiachagas_fc
175146592,karinamichelin
175146592,allanconta45
175146592,patriciaramos
175146592,talitafeitosalima
175146592,mariafernanda.br
175146592,francielesoareslef
175146592,alexandregarciaofcl
175146592,hendyohara
175146592,fatimascarpa
175146592,leandroruschel
175146592,irkelly_institutohesed_oficial
175146592,micheltelo
175146592,karinabacchi
175146592,carasbrasil
175146592,josafathmussaba
4890843779,nugget
4890843779,todayyearsold
4890843779,funnyhoodvidz
4890843779,showerfeelings
4890843779,pickuplines
4890843779,meme.ig
4890843779,fmlcaps
4890843779,epicfunnypage
4890843779,i_have_no_memes96_v2
4890843779,punsworld
4890843779,3.1415926535897932384626433832
4890843779,factsdailyy
4890843779,fuckboyproblem.s
4890843779,bangerbuddy
4890843779,hoodclips
4890843779,gentleman.handbook
4890843779,colorful
4890843779,x__antisocial_butterfly__x
4890843779,netflixnmovies
4890843779,pubertyhits
4890843779,bitchtease
4890843779,deeptruthes
4890843779,hoenest
4890843779,9gag
4890843779,thought
4890843779,insta.single
4890843779,sportscenter
4890843779,funny
4890843779,memes
4890843779,houseofhighlights
4890843779,nobodyspecial
4890843779,meemkingz
4890843779,boysvsgirlss
4890843779,thefuck.tv
4890843779,sendmemes
4890843779,noteforself
4890843779,fourtwenty
4890843779,records
4890843779,factsofboys
4890843779,was
4890843779,transformationfeed
4890843779,hurdles
4890843779,ohgod
4890843779,savagevideos
4890843779,emotionstotally
4890843779,sweet_moans
4890843779,dawg
4890843779,factmafia
4890843779,lube
4890843779,elitedaily
4890843779,dog
4890843779,bustle
4890843779,ladbible
4890843779,jordan_the_stallion8
4890843779,sabrinacarpenter
4890843779,boredtasks
4890843779,milliebobbybrown
4890843779,vancityreynolds
4890843779,relate
4890843779,satin
4890843779,laughmail
4890843779,followformymemes
4890843779,majorcuddl3s
4890843779,teendefinition
4890843779,betches
4890843779,kimkardashian
4890843779,crampsugh
4890843779,basic
4890843779,the_typical_liberal
4890843779,patrickstarsig
4890843779,couplesdailyy
4890843779,plocced
4890843779,middleclassfancy
4890843779,nina
4890843779,theestallion
4890843779,arianagrande
4890843779,nba
4890843779,animalsdoingthings
4890843779,bitchy
4890843779,showerfeels
8595737433,alakhsir_pw
8595737433,mrsir_mrstar
8595737433,bhajanmarg_official
8595737433,hardikpandya93
8595737433,dhruvrathee
8595737433,saleem.nitt
8595737433,shivammalik09
8595737433,pwjee_wallah
8595737433,next.toppers
8595737433,elvish_yadav
8595737433,iamjayakishori
8595737433,surya_14kumar
8595737433,sudhanshusir_chemistry
8595737433,dr.rakshitasingh
8595737433,aajtak
8595737433,bhuvan.bam22
8595737433,divyakirti.vikas
8595737433,doctoraayudh
8595737433,drishtiias
8595737433,sachintendulkar
8595737433,dilraj_singh_rawat
8595737433,shikhardofficial
8595737433,thekuldeepsinghania
8595737433,niteshsoniy
8595737433,rahulgandhi
8595737433,om.pandey.iitd
8595737433,botany_insights_by__archana
8595737433,incindia
8595737433,rinkukumar12
8595737433,realnishantjindal
8595737433,tarunsirbiology
8595737433,dearsirkashif
8595737433,mumbaiindians
8595737433,srushtideshmukhias
8595737433,arijitsingh
8595737433,amansuccesstipsofficial
8595737433,nitishrajpute
8595737433,maths_wizard_aditya_ranjan
8595737433,themridul_
8595737433,shreyasiyer96
8595737433,sandeep__maheshwari
8595737433,dr.yokesharul
8595737433,mythpat
8595737433,instantbollywood
8595737433,abhishek28_verma
8595737433,rakshaksir
8595737433,iamsrk
8595737433,vaibhavgolani_59
8595737433,bahubaliharshtyagi
8595737433,rahul_dudi_pw
8595737433,pw_faculties
8595737433,kartikaaryan
8595737433,trolls_official
8595737433,pwhindimedium__
8595737433,zindagi.gulzar.h
8595737433,darshanravaldz
8595737433,iitdelhi
8595737433,aliaabhatt
8595737433,neetguide
8595737433,shreyaghoshal
8595737433,pawan_sahu_777
8595737433,youneszarou
8595737433,munawar.faruqui
8595737433,rohit_agrawal_organic
8595737433,tarunkh1906
8595737433,naughtyworld
8595737433,nta_group_official
8595737433,vishnusirphysics
8595737433,payalgamingg
8595737433,bpraak
8595737433,gururandhawa
8595737433,manishdubeybms
8595737433,iitmotivationfamily
8595737433,aasim18_siddiqui
8595737433,shreyanka_patil31
8595737433,shivam_mishra_smsir
8595737433,vishal_tiwarisir
8595737433,shahidkapoor
8595737433,amitabhbachchan
8595737433,haniaheheofficial
288019956,jolly_hoops
288019956,megembroiders
288019956,brandikoleart
288019956,sketch_dailydose
288019956,artists.pages.daily
288019956,flynn_and_mabel
288019956,world_embroidery
288019956,chepp.project
288019956,irisvanherpen
288019956,ceciledavidovici
288019956,aceofshadesshop
288019956,katrin.vates
288019956,ateliernoboru
288019956,knottedneon
288019956,michelle.kingdom
288019956,evgenia_ermilova
288019956,silverfrancisart
288019956,ana.falceta
288019956,miu_embroidery
288019956,mad.charcoal
288019956,shimunia
288019956,faimyxstitch
288019956,black_cat_creative_studio
288019956,shahulart
288019956,ioanapioaru
288019956,janetpulcho
288019956,journallyours
288019956,littleheartcreates
288019956,sydswisher
288019956,david_popa_art
288019956,atypicalcuriosities
288019956,lisilinka
288019956,lilyroseburgess
288019956,magicmakerdreamweaver
288019956,thejealouscurator
288019956,nikitarosalind
288019956,meredithwoolnough
288019956,linebaughstudios
288019956,clubedobordado
288019956,codyjamesny
288019956,meicrosoft
288019956,tinayuart
288019956,voguemagazine
288019956,daveykit
288019956,katalinass_
288019956,couture.to.the.max
288019956,indiarosecrawford
288019956,lemonpepperstudio
288019956,devonrodriguezart
288019956,watercolor_guide
288019956,angiehall.anderson
288019956,constance_posey
288019956,kry.emb
288019956,oscardelarenta
288019956,olandercoembroidery
288019956,fox_and_blueberry
288019956,bugambilo
288019956,domestika
288019956,sarahandersencomics
288019956,leylaaslan__
288019956,9gag
288019956,wildfloss
288019956,officialcrystalart_
288019956,flor_nanduti
288019956,jenannhandmade
288019956,agnesembroidery
288019956,elina_zhuk
288019956,riverbirchthreads
288019956,academic_drawiing
288019956,lilyjcollins
288019956,rezvan.embroidery
288019956,bordado.dodia
288019956,hifructosemag
288019956,the_wigs_and_makeup_manager
288019956,jesscurrierstudio
288019956,haremscouture
288019956,lynsaygreenart
288019956,royalneedlework
288019956,celestebarber
288019956,akhikyan
231373492,ginganinja100
231373492,laufey
231373492,sabrinacarpenter
231373492,liammiiler
231373492,jordan_the_stallion8
231373492,coolmathgames
231373492,shanefanx
231373492,oliviarodrigo
231373492,johnnieguilbert
231373492,carterkench
231373492,samanthayve
231373492,roblox
231373492,pixar
231373492,mummy__joe
231373492,spotify
231373492,evancronin_
231373492,riyiii_
231373492,naturalhabitatshorts
231373492,dojacat
231373492,vancityreynolds
231373492,disney
231373492,livieshq
231373492,theodd1sout
231373492,lego
231373492,kirkiimad
231373492,grandma_droniak
231373492,wisdm
231373492,itsscottkress
231373492,brideydrake
231373492,charli_xcx
231373492,imkingchristian
231373492,itsjustnich0las
231373492,aliceoseman
231373492,mistermainer1
231373492,brandonbored
231373492,brawlstars
231373492,stinkyasher
231373492,thepinkcourtroom
231373492,honkaistarrail
231373492,officialstickreviews
231373492,spongebob
231373492,milliebobbybrown
231373492,calumharper18
231373492,brookemonk
231373492,lanaraee
231373492,voguemagazine
231373492,yong.lixx
231373492,itsnatalietran
231373492,hynjinnnn
231373492,jutdwae
231373492,theestallion
231373492,lalalalisa_m
231373492,duowlingocovers
231373492,joelocke03
231373492,_doolsetnet
231373492,itsjustshepherd
231373492,jackinthebox
231373492,noeldeyzel_bodybuilder
231373492,americanhighshorts
231373492,aimseytv
231373492,jakewebber9
231373492,cassiesbookss
231373492,scuderiaferrari
231373492,maitreyiramakrishnan
231373492,miniverse.___
231373492,fuckboyproblem.s
231373492,ms_shi_mr_he
231373492,junieandthehutfriends
231373492,charles_leclerc
231373492,jenaissante
231373492,meicrosoft
231373492,sushi.monsters
231373492,crunchyroll
231373492,sophmorelli
231373492,teddysphotos
231373492,sourpatchkids
231373492,gracieabrams
231373492,richardasabiaga
231373492,raeganspoetry
231373492,thomassanders
2169435335,saber_chawni
2169435335,noureddine.abas.daki
2169435335,habbatabdelillah
2169435335,zaid__frigui
2169435335,bassou_mohammed
2169435335,aminees_salhi
2169435335,ghitamiz
2169435335,mouad_aboukassim
2169435335,meryamkadmiri
2169435335,meryemderni
2169435335,kawtarbamo
2169435335,nationale_bedarija
2169435335,redouanzarghil
2169435335,youssef_nacirii
2169435335,aminezineddine
2169435335,brahim
2169435335,walid_ouabade
2169435335,outofscreen1
2169435335,welovebuzznews
2169435335,oussamaramzi1
2169435335,elbotola
2169435335,its.hibss
2169435335,yousashow
2169435335,oussama_copenhagen
2169435335,zineb.elyabani
2169435335,elabbed
2169435335,hama9aofficielle
2169435335,maghrebia_hora
2169435335,hesport
2169435335,khalid.ettolba
2169435335,loubnaeljr
2169435335,yassarlemghar
2169435335,karim.elasrii
2169435335,sedrati_chouayb
2169435335,chroukate
2169435335,nadia.boukdir
2169435335,yazid_bahraoui
2169435335,mehdi_amri_10
2169435335,hbirkousafae_officiel
2169435335,allalirachid
2169435335,medmehdidahdouh
2169435335,imanebenjelloun.1
2169435335,farahelfassi1
2169435335,amineelfethi
2169435335,aymane_elkouarty
2169435335,chaimaaberraz
2169435335,nassimgaabouri
2169435335,farid_el_ansari
2169435335,ismail.iwi
2169435335,feynbert
2169435335,9aba_boy
2169435335,fatima_zahra_el_ibrahimi
2169435335,dr.jihad.briki
2169435335,ghita_asfour
2169435335,abuazaitar
2169435335,rafikboubkeroff1
2169435335,zakariaaboukhlal
2169435335,beinsports
2169435335,aljazeera
2169435335,sofyanamrabat
2169435335,anasattou
2169435335,niemaadda
2169435335,sifeddine_rafik
2169435335,jari_youssef1
2169435335,deepwebmaroc
2169435335,aya_kandil03
2169435335,fa5rdin
2169435335,433
2169435335,salwaanlouff
2169435335,saleh_aljafarawi
2169435335,khawla_quenn
2169435335,khafanzarban1
2169435335,aljazeeramubasher
2169435335,oussamablmas
2169435335,safaachannelofficial
2169435335,yassinedhen
2169435335,moor.rider
2169435335,delasmimra
2169435335,sarahperles
2169435335,adamrabih_oo
45133773660,ielts_advantage
45133773660,antonios.english
45133773660,word_craftacademy
45133773660,instantenglishuk
45133773660,yaznlaz
45133773660,beespeakerapp
45133773660,englishwithlucy
45133773660,bbclearningenglish
45133773660,agoodwitchofficial
45133773660,englishattheready
45133773660,chinguamiga
45133773660,venyapak
45133773660,fast_english_class_360
45133773660,amerikan_way
45133773660,daniellalewicz
45133773660,ingles.ahorita
45133773660,luke.and.english
45133773660,english.w.lars
45133773660,elsa_speak
45133773660,ielts.lessson
45133773660,lalalalisa_m
45133773660,jackalexanderenglish
45133773660,quickenglishfluency
45133773660,pincheingles
45133773660,spencerconoce
45133773660,english101_whithme
45133773660,arianagrande
45133773660,grammar.english.class
45133773660,kate.kulp
45133773660,sabrinacarpenter
45133773660,uarmyhope
45133773660,kaleanderss
45133773660,milliebobbybrown
45133773660,luisitocomunica
45133773660,englishcentral
45133773660,9gag
45133773660,english.with.aga
45133773660,gringlesfacil
45133773660,brunomars
45133773660,voguemagazine
45133773660,englishwithgtm
45133773660,englishwithsteveford
45133773660,iam_anaratchr
45133773660,los_chicaneros
45133773660,yong.lixx
45133773660,elsaspeak_es
45133773660,hynjinnnn
45133773660,jousfit
45133773660,oliviarodrigo
45133773660,neoenglishwithpam
45133773660,english_veronika
45133773660,jutdwae
45133773660,dreyermylord
45133773660,teachersam1
45133773660,momo
45133773660,praktika_english
45133773660,fox.englishh
45133773660,biringilizsokagi
45133773660,teacherrenatamillen
45133773660,happyowlenglish
45133773660,lolita
45133773660,english.by.negin
45133773660,official_g_i_dle
45133773660,inglespara.migrantes
45133773660,speakenglishwithtiffani
45133773660,dojacat
45133773660,wsms.english
45133773660,mariagolob
45133773660,cambridgeenglish
45133773660,fluencyingles.latam
45133773660,hadar.accentsway
45133773660,justinbieber
45133773660,brookemonk
45133773660,alexisomman
45133773660,pictoline
45133773660,_doolsetnet
45133773660,asatirezaban_official
45133773660,laufey
45133773660,spoken.english9
45133773660,nachter
20924411412,shivammalik09
20924411412,aajtak
20924411412,bhajanmarg_official
20924411412,instantbollywood
20924411412,zindagi.gulzar.h
20924411412,iamjayakishori
20924411412,learn.english.line
20924411412,dhruvrathee
20924411412,motivation_line_
20924411412,naughtyworld
20924411412,english.speaking.guru
20924411412,niteshsoniy
20924411412,englishwitharun
20924411412,iasworldofficial
20924411412,trolls_official
20924411412,incindia
20924411412,elvish_yadav
20924411412,drishtiias
20924411412,bhuvan.bam22
20924411412,bpraak
20924411412,ncert_study_course
20924411412,aliaabhatt
20924411412,sachintendulkar
20924411412,kartikaaryan
20924411412,shahidkapoor
20924411412,ekkadamsafaltakiorr
20924411412,shikhardofficial
20924411412,parulgargmakeup
20924411412,riteishd
20924411412,nehakakkar
20924411412,ghantaa
20924411412,zeenews
20924411412,successmantra.1
20924411412,lifetime_motivation
20924411412,shehnaazgill
20924411412,english_grammar_99
20924411412,upsc.ias_gk
20924411412,amitabhbachchan
20924411412,rahulmalodiaofficial
20924411412,divyakirti.vikas
20924411412,gajabtathya_official
20924411412,gururandhawa
20924411412,english_knowledge_55
20924411412,coachdeepak
20924411412,theindiansarcasm
20924411412,90s_song._
20924411412,romita_tiwari_17
20924411412,nancytyagi___
20924411412,adah_ki_adah
20924411412,sandeep__maheshwari
20924411412,nitishrajpute
20924411412,iamsrk
20924411412,haniaheheofficial
20924411412,surya_14kumar
20924411412,english__speaking44
20924411412,english_with_divyaa
20924411412,bari_english_academy
20924411412,_adultgram_
20924411412,dr.apj_abdul_kalam__
20924411412,dearsirkashif
20924411412,_life_changing_tips
20924411412,shreyaghoshal
20924411412,drimranpatelofficial
20924411412,urvashirautela
20924411412,asadowaisiofficial
20924411412,munawar.faruqui
20924411412,mr_faisu_07
20924411412,mumbaiindians
20924411412,shabdalay_
20924411412,manjyoti.in
20924411412,tamannaahspeaks
20924411412,motivation.milestone
20924411412,baba_hans_raghuwanshi
20924411412,english.grammar.vocab
20924411412,daily_use_english_sentences
20924411412,nextstudy.in
20924411412,dishapatani
20924411412,upsc_trick_only
20924411412,news24official
20924411412,rjnaved
4236263,lucianinalittizzetto
4236263,heimi.saluteeprevenzione
4236263,corriere
4236263,katioska76
4236263,netflixit
4236263,humanetica
4236263,casasurace
4236263,gliaudiodimiopadre
4236263,la_stampa
4236263,intrashttenimento2.0
4236263,trash_italiano
4236263,ingegneria.italia
4236263,2foodfitlovers
4236263,iodonna_it
4236263,edoardoprati_
4236263,danidanycabrass
4236263,massimilianodona
4236263,eurosportitalia
4236263,che_te_devo_di
4236263,pietro_morello_
4236263,storie_degli_altri
4236263,allacciateilgrembiule
4236263,daniele.paci.agronomo
4236263,maxangioni_
4236263,myptrainer
4236263,bilanciamo
4236263,ciakclub
4236263,papaperscelta
4236263,lascimmiapensa
4236263,ziabene
4236263,fabiolavegmamy
4236263,paolaturani
4236263,nonna_luigina
4236263,linus_dj
4236263,tu_lo_conosci_il_trio
4236263,whoiskenta_official_page
4236263,ilfattoquotidianoit
4236263,cucinaconruben
4236263,amadeusonoio
4236263,fiorellamannoia
4236263,danny_lazzarin
4236263,drusillafoer
4236263,dietista.paolastavolone
4236263,tommycassi
4236263,mibayed
4236263,raissarussi
4236263,gianmarcotamberi
4236263,accorciabro
4236263,puglia_mylove
4236263,casa.abis
4236263,pera_toons
4236263,elisatoffoli
4236263,morandi_official
4236263,primo_vassallo
4236263,doggodaiily
4236263,cooker.girl
4236263,il_dena_
4236263,imartuccia09
4236263,pinucciosono
4236263,salva_trend
4236263,andreamoccia
4236263,napoli_reale
4236263,ansiatotale
4236263,jesuisabrine
4236263,prof.guidosaraceni
4236263,csabadallazorza
4236263,infermieregianluca
4236263,movimento5litri
4236263,cliomakeup_official
4236263,pugliafenomenale
4236263,quelmomento
4236263,alpha_woman_official
4236263,damianodavid
4236263,charles_bukowski_citazioni
4236263,lefotochehannosegnatounepoca
4236263,luigitorrescerciello
4236263,lucaargentero
4236263,achilleidol
4236263,elenadamario
4236263,tananaimusica
51986189818,fast_english_class_360
51986189818,ielts_advantage
51986189818,instantenglishuk
51986189818,speak_clearly_coach
51986189818,word_craftacademy
51986189818,english101_whithme
51986189818,englishwithlucy
51986189818,englishwithgtm
51986189818,beespeakerapp
51986189818,antonios.english
51986189818,spoken.english9
51986189818,speakologymaster
51986189818,ielts.lessson
51986189818,quickenglishfluency
51986189818,learnenglishwithbobby
51986189818,english_withck
51986189818,yaznlaz
51986189818,speakingwithyasir
51986189818,time.for.lee.english
51986189818,bbclearningenglish
51986189818,learntest.english
51986189818,english.grammar.vocab
51986189818,englishattheready
51986189818,englishvocabvoyage
51986189818,englishenchant
51986189818,englishpromoneer
51986189818,english.learners.group
51986189818,speakenglishwithtiffani
51986189818,iam_anaratchr
51986189818,englishwithsteveford
51986189818,english.by.negin
51986189818,englishpix
51986189818,neoenglishwithpam
51986189818,formyinterview
51986189818,letstalkenglishbsb
51986189818,englishwithcontext
51986189818,better.in.english
51986189818,englishcentral
51986189818,fluent_fusion__
51986189818,unscrew_english
51986189818,elsa_speak
51986189818,ieltsegor
51986189818,englishtestbank
51986189818,jackalexanderenglish
51986189818,engvarta.app
51986189818,daniellalewicz
51986189818,thefiercebeliever
51986189818,englishinarabic_uk
51986189818,chetchat101
51986189818,empower_english2020
51986189818,praktika_english
51986189818,enrich_ed_english
51986189818,llangunegar
51986189818,english.with.aga
51986189818,instantaccent
51986189818,grammar.english.class
51986189818,amerikan_way
51986189818,train_the_teacher
51986189818,spoken.english.hub
51986189818,annapapalia
51986189818,english.spoken.hub
51986189818,learn_english_with_sharry
51986189818,bari_english_academy
51986189818,english.speak.daily
51986189818,english_new_way
51986189818,spoken_english__daily
51986189818,yuji_beleza
51986189818,english_odyssey_with_maro
51986189818,talecraftedenglish
51986189818,ayman.english1
51986189818,englishwithdoa
51986189818,englishwithadz
51986189818,englishwithsonali
51986189818,bytesizeenglish
51986189818,learnenglishbyaadilsirjmi
51986189818,ielts_winnersanshu
51986189818,the.english.online.academy
51986189818,english2people
51986189818,david_theteacher
51986189818,english_with_pragati
42649620368,wallstreetwolverine
42649620368,juandavila__
42649620368,jose_elias_navarro
42649620368,vox_es
42649620368,guardiacivil062
42649620368,desguacemotocoche
42649620368,los.que.amamos.espana
42649620368,romagallardooficial
42649620368,itvdeltiktok
42649620368,bdevikingo
42649620368,amiliibia
42649620368,hmudaart
42649620368,carlostatay99
42649620368,isabeldiazayuso
42649620368,un_tio_legal_
42649620368,postureoespanol
42649620368,ayusopasion
42649620368,losmeconios
42649620368,joaquinarte
42649620368,nachter
42649620368,elchiringuitotv
42649620368,ejercitodelaire
42649620368,shupollobuenoahi
42649620368,froilan_rey_
42649620368,elmundo_es
42649620368,informer.motor
42649620368,a3noticias
42649620368,farmaceuticofernandez
42649620368,kikiyo_75
42649620368,kaiserautomoviles
42649620368,empleado_informado
42649620368,hiprogresiaoficial
42649620368,josemotatv
42649620368,motorpasion
42649620368,valentisanjuan
42649620368,mariano_y_punto
42649620368,patica1999_siempre_operativo
42649620368,espdespierta
42649620368,venturasscristian
42649620368,eldebate_com
42649620368,ememike.official
42649620368,josefelixramajo
42649620368,lacalledaniel
42649620368,cenandoconpablo
42649620368,ondacero
42649620368,josefajram
42649620368,informativostele5
42649620368,rockfm
42649620368,spe_informacion_es
42649620368,xataka
42649620368,fast_byte_informatica
42649620368,voxcongreso
42649620368,pablogshow
42649620368,motogp
42649620368,motorlekusports
42649620368,a.f.motorsport
42649620368,gebox.cajasdecambio
42649620368,chasiscero
42649620368,paddockmotorsoficial
42649620368,kike_urdiales
42649620368,refuelparts
42649620368,blvpodcast
42649620368,rebeld3.0
42649620368,etxebarriaitasemetriki
42649620368,volrace.oficial
42649620368,vicesat_yt
42649620368,somospatriotas.es
42649620368,clubdechistes
42649620368,titorricoo
42649620368,polifaceticoo
42649620368,josegalesote
42649620368,nayibbukele
42649620368,ufc
42649620368,astonmartinf1
42649620368,jorgescremades
42649620368,galdervaras
42649620368,madelman_
42649620368,daniclos_oficial
42649620368,wizproblema
42649620368,thejordisegues
18579632319,upsc_quotess
18579632319,iasworldofficial
18579632319,upsc_trick_only
18579632319,_upsc_notes
18579632319,drishtiias
18579632319,ncert_study_course
18579632319,upsc.pcs
18579632319,upscwala07
18579632319,aim_upsc_cse_
18579632319,naukari._.sarkari
18579632319,official_district_collector
18579632319,civilservicesmemes
18579632319,yuva_vichar
18579632319,upscmissionofficial
18579632319,goal_upsc_las
18579632319,upsc_dreampath
18579632319,exam_talks_upsc
18579632319,zindagi.gulzar.h
18579632319,my_upsc_journey__1
18579632319,ias_study.in
18579632319,_mission_upsc_official
18579632319,upsc_time
18579632319,the_hindu
18579632319,motivation_line_
18579632319,iamjayakishori
18579632319,generalstudiesforexam
18579632319,studentoofficial
18579632319,divyakirti.vikas
18579632319,ias_ips.2022
18579632319,alakhsir_pw
18579632319,aashna.chaudhary.79
18579632319,bhajanmarg_official
18579632319,mygovindia
18579632319,aajtak
18579632319,shivammalik09
18579632319,mission__upsc__ias
18579632319,indian.p0lice.service
18579632319,lbsnaa_mn
18579632319,cds.journey
18579632319,currentaffair_gk
18579632319,drishti_pcs
18579632319,aaditya.advait
18579632319,dr.apj_abdul_kalam__
18579632319,dhruvrathee
18579632319,upsc_dream_project
18579632319,vishal_tiwarisir
18579632319,thinktank.ias
18579632319,trolls_official
18579632319,poojayadav_ips
18579632319,upsc_readers
18579632319,everyday.current.gk
18579632319,instantbollywood
18579632319,incindia
18579632319,ekkadamsafaltakiorr
18579632319,naughtyworld
18579632319,successaspire
18579632319,motivationtips.in
18579632319,sachintendulkar
18579632319,successmantra.1
18579632319,niteshsoniy
18579632319,bhuvan.bam22
18579632319,_life_changing_tips
18579632319,hindipanktiyaan.official
18579632319,santoshpateldsp
18579632319,dinkar_reads
18579632319,sandeep__maheshwari
18579632319,ips.0fficer
18579632319,maths_wizard_aditya_ranjan
18579632319,pocket.news_
18579632319,upsc_forever24
18579632319,hyitsdeep
18579632319,up__s_c1
18579632319,naman_sharma_ias_academy
18579632319,upsc_motivation_ips
18579632319,upsc_wala_motivation
18579632319,sarkarirojgarofficial
18579632319,mission.upsc.ias
18579632319,ensure_ias
18579632319,dreamer_barish12
18579632319,upsc_goal_24
10601363751,engl1sh.time
10601363751,time_english90
10601363751,learn_.english._.with._.me
10601363751,mustafa.abdullah7
10601363751,englishfishingrod
10601363751,aboulfalah.7
10601363751,english.with.sofia1
10601363751,don75dkc
10601363751,englishahmed1
10601363751,learn.english.every.day1
10601363751,hussainfarhan321
10601363751,easy_english2028
10601363751,english.saeed2
10601363751,learn.english.with.israa
10601363751,learn_eng38
10601363751,englishwithabed
10601363751,english_slang12
10601363751,englishfluency10
10601363751,learnenglwithjoey
10601363751,english2gether_
10601363751,______.muslim._______
10601363751,en.mastery
10601363751,enghere
10601363751,teacheryaser
10601363751,quick_en1
10601363751,learn.ewith.me
10601363751,zeropoint_institute
10601363751,learn_english_with_hossein
10601363751,the_smart_english
10601363751,englishing21
10601363751,doit.right4
10601363751,englishfun.hassanelfdaly
10601363751,englishcafe4you
10601363751,edu_q90
10601363751,engliziclub
10601363751,english_with_mariam_habeeb
10601363751,istoriaapp
10601363751,mr.hossein.english.academy1
8076526,speakingwithyasir
8076526,codiesanchez
8076526,robertgreeneofficial
8076526,jordan_the_stallion8
8076526,melrobbins
8076526,quinlanwalther
8076526,danmartell
8076526,aliabdaal
8076526,mindset.therapy
8076526,shadezahrai
8076526,teachingmensfashion
8076526,noeldeyzel_bodybuilder
8076526,9gag
8076526,fuckboyproblem.s
8076526,creative_explained
8076526,jeremyleeminer
8076526,foundr
8076526,wisdm
8076526,movementbydavid
8076526,bryanlowwww
8076526,findgoodsongs
8076526,ezsnippet
8076526,danielg
8076526,corymuscara
8076526,thevarunmayya
8076526,growwithlinde
8076526,stevenwommack
8076526,pst_iren
8076526,alphamotivation0
8076526,your.richbff
8076526,dariusryankadem
8076526,omaragamyy
8076526,femilazarus1
8076526,jesseitzler
8076526,advicewitherin
8076526,avgvstine
8076526,davidsuhphoto
8076526,loewhaley
8076526,setupspawn
8076526,jack.scalise
8076526,jak.piggott
8076526,lewishowes
8076526,ielts_advantage
8076526,433
8076526,askmichia
8076526,polishedspeaker
8076526,joshlyons.sales
8076526,fallontonight
8076526,nba
8076526,houseofhighlights
8076526,sportscenter
8076526,salesveterans
8076526,bhuvan.bam22
8076526,advertigo_
8076526,fabriziorom
8076526,success_present
8076526,premierleague
8076526,juan.cortez3
8076526,the_goodfilms
8076526,englishwithlucy
8076526,ufc
8076526,notmattgraham
8076526,iamsarahsnow
8076526,iamparitoshanand
8076526,thelukebelmarr
8076526,eric_gugua
8076526,primepulse.inc
8076526,marketing.psychology
8076526,motaz_azaiza
8076526,the_studycoach
8076526,eye.on.palestine
8076526,muslim
8076526,tombilyeu
8076526,vancityreynolds
8076526,tiboinshape
8076526,ginganinja100
8076526,layiwasabi
8076526,notristantate
8076526,russellbrand
8076526,learnenglishwithbobby
1755647430,iss
1755647430,cern
1755647430,nasaartemis
1755647430,nasajpl
1755647430,vancityreynolds
1755647430,npr
1755647430,nationalparkservice
1755647430,bbcnews
1755647430,9gag
1755647430,the_secrets_of_the_universe
1755647430,nobelprize_org
1755647430,canadianspaceagency
1755647430,astrokobi
1755647430,nbcsnl
1755647430,sciencefunn
1755647430,jordan_the_stallion8
1755647430,nasagoddard
1755647430,samuelljackson
1755647430,jeremyclarkson1
1755647430,newscientist
1755647430,igndotcom
1755647430,everydayastronaut
1755647430,galaxies
1755647430,newyorkermag
1755647430,davidgoggins
1755647430,hubermanlab
1755647430,markrober
1755647430,petesouza
1755647430,ericfuckingandre
1755647430,aoc
1755647430,natureismetal
1755647430,interestingengineering
1755647430,sportscenter
1755647430,questlove
1755647430,pete.buttigieg
1755647430,ellecordova
1755647430,historyinmemes
1755647430,physics.stuff
1755647430,redbull
1755647430,nasaastronauts
1755647430,fallontonight
1755647430,ufc
1755647430,profbriancox
1755647430,nugget
1755647430,nba
1755647430,todayyearsold
1755647430,houseofhighlights
1755647430,noeldeyzel_bodybuilder
1755647430,mercedesamgf1
1755647430,charles_leclerc
1755647430,metallica
1755647430,lego
1755647430,milliebobbybrown
1755647430,ana_d_armas
1755647430,robertdowneyjr
1755647430,adamsandler
1755647430,hubbleesa
1755647430,teddysphotos
1755647430,scuderiaferrari
1755647430,ladbible
1755647430,tonyhawk
1755647430,fuckboyproblem.s
1755647430,theovon
1755647430,rollingstone
1755647430,433
1755647430,salmahayek
1755647430,futurism
1755647430,shaq
1755647430,nph
1755647430,50cent
1755647430,hillaryclinton
1755647430,the_goodfilms
1755647430,lexfridman
1755647430,animalsdoingthings
1755647430,middleclassfancy
1755647430,kamalahq
1755647430,thesciencefact_com
1755647430,mit
1755647430,esa_earth
1755647430,nasa_langley
52195116826,word_craftacademy
52195116826,instantenglishuk
52195116826,ielts_advantage
52195116826,beespeakerapp
52195116826,englishwithlucy
52195116826,englishattheready
52195116826,bbclearningenglish
52195116826,yaznlaz
52195116826,antonios.english
52195116826,fast_english_class_360
52195116826,iam_anaratchr
52195116826,englishwithgtm
52195116826,englishcentral
52195116826,english_new_way
52195116826,time.for.lee.english
52195116826,ielts.lessson
52195116826,asatirezaban_official
52195116826,english.with.aga
52195116826,english101_whithme
52195116826,quickenglishfluency
52195116826,english.by.negin
52195116826,befluent.ir
52195116826,praktika_english
52195116826,biringilizsokagi
52195116826,spoken.english9
52195116826,elsa_speak
52195116826,english.mj
52195116826,englishturbo
52195116826,grammar.english.class
52195116826,amerikan_way
52195116826,jackalexanderenglish
52195116826,dreyermylord
52195116826,ahmadmahdieh.english
52195116826,daniellalewicz
52195116826,yasi.esl
52195116826,kate.kulp
52195116826,__english.by.movies
52195116826,teachersam1
52195116826,nazaninioc
52195116826,vocab.up
52195116826,spoken.english.hub
52195116826,lingano_official
52195116826,rezaarashnia
52195116826,bari_english_academy
52195116826,venyapak
52195116826,speakenglishwithtiffani
52195116826,train_the_teacher
52195116826,englishwithsteveford
52195116826,fluent_fusion__
52195116826,neoenglishwithpam
52195116826,english.grammar.vocab
52195116826,teacherrenatamillen
52195116826,english__with__nadiia
52195116826,grammar.english.tips4
52195116826,englishwithsonali
52195116826,unscrew_english
52195116826,farrokhnia.turbo
52195116826,english_veronika
52195116826,milad.paknezhadd
52195116826,leila_englishteacher
52195116826,farzadsoleimani.ir
52195116826,englishwithcontext
52195116826,lalalalisa_m
52195116826,englishenchant
52195116826,anna.presentperfect
52195116826,yousef.delzendeh
52195116826,learn_english_free_1st
52195116826,agoodwitchofficial
52195116826,englishknots
52195116826,improveyourenglishwithevelyn
52195116826,arta.english
52195116826,smashing.english
52195116826,english_with_bardia
52195116826,happyenglishny
52195116826,englishdailypoints
52195116826,promova
52195116826,englishwitharun
52195116826,golfarahani
52195116826,sinavaliollah
52195116826,englishcrv
2137656295,bekirdeveli
2137656295,dilekcesur_
2137656295,mervegulcemal
2137656295,sertacabii
2137656295,sevdaturkusevofficial
2137656295,diyanettv
2137656295,tevekkulvakti
2137656295,osmansunguryeken
2137656295,m_eminyildirim
2137656295,fikriyat
2137656295,cocuk_gelisimi_ve_egitimi
2137656295,cocuk.gelisim.dunyasi
2137656295,dr.ferhataslann
2137656295,__mervesafa
2137656295,dr.ihsansenocakresmi
2137656295,adem_gunes
2137656295,firatturkmen
2137656295,prof.dr.osmanmuftuoglu
2137656295,ridvan.yilmaz571
2137656295,organikailemm
2137656295,degerleregitimi
2137656295,sinantayminalbayrak
2137656295,sukrankaymak
2137656295,halil.konakci
2137656295,enginuzun
2137656295,ihhinsaniyardim
2137656295,trt1
2137656295,humanmovieteam
2137656295,psk.fatihresitcivelekoglu
2137656295,serdar_tuncer
2137656295,serminyasarofficial
2137656295,cocuk_dostu_ogretmen
2137656295,mutfakta_bebek_var
2137656295,cubbeliahmethoca
2137656295,mutluailesohbeti
2137656295,meryemyvz_kapaklikaya
2137656295,trhaber_com
2137656295,ersinceliq
2137656295,yusufkaplanw
2137656295,cinsdergi
2137656295,tubasarkhome
2137656295,avukatergunkazanir
2137656295,ramazantolgayolyapan
2137656295,nevrabilemm
2137656295,umitaktasofficial
2137656295,maksat114bursa
2137656295,rumeysamutfakta
2137656295,nurhayatsuarasenbalkan
2137656295,5te5namaz
2137656295,kurannrehberim
2137656295,hergune1hikaye
2137656295,cantenkaya
2137656295,davetcigenc16
2137656295,huzurveren.sohbetler
2137656295,gencmotto
2137656295,abdullahkalinsazli
2137656295,karikaturhane
2137656295,sifazorlu
2137656295,kaymaklisambali
2137656295,ibrahimtenekeci
2137656295,2.sayfaofficial
2137656295,sukrantugbagokdemir
2137656295,suletkala
2137656295,merveyildirimofficial
2137656295,fatmanuryesiloglu
2137656295,thisisminimalistt
2137656295,iremoturaklioglu
2137656295,ceyhunhamid
2137656295,helalvesaglik
2137656295,dinleyavrum
2137656295,erhanidiz
2137656295,10larmedya
2137656295,sokmarketler
2137656295,meleklerin_abisi
2137656295,ayse_ekiz_03
2137656295,barismusluofficial
2137656295,ogretmensitemiz
2137656295,masterchefturkiye
2137656295,kizatasozu
2137656295,ogretmenlerkitapkulubu
50841639423,chinguamiga
50841639423,jordan_the_stallion8
50841639423,soybans
50841639423,teacher.camilo
50841639423,bebeioda
50841639423,rickylimon99
50841639423,cesar
50841639423,ingles.ahorita
50841639423,sonrixs1
50841639423,zilverkeng
50841639423,antonyviews
50841639423,los_chicaneros
50841639423,fredoontv
50841639423,naturalhabitatshorts
50841639423,eleazarguevara_
50841639423,maestro_de_ruso
50841639423,_caingt_
50841639423,drpologuerrero
50841639423,noodle_and_bun
50841639423,spanishwithtuta
50841639423,cocinand_milagro
50841639423,cristhianhaze
50841639423,mujerdebuenapastaa
50841639423,spanish.se
50841639423,duolingo
50841639423,vanee_rd_
50841639423,thetinychefshow
50841639423,luisitocomunica
50841639423,logeypump23
50841639423,any_cemar
50841639423,iker.unzu
50841639423,soyalerios
50841639423,nattrauplay
50841639423,omari.too
50841639423,axelviewoficial
50841639423,elsypaezmusic1
50841639423,danielvallem
50841639423,alexisomman
50841639423,fuckboyproblem.s
50841639423,nachter
50841639423,thespanishenabler
50841639423,sabrinacarpenter
50841639423,uarmyhope
50841639423,ginganinja100
50841639423,jousfit
50841639423,badabun
50841639423,arianagrande
50841639423,theestallion
50841639423,losdenam
50841639423,canelo
50841639423,laroobenz
50841639423,9gag
50841639423,fuerzaregida
50841639423,vancityreynolds
50841639423,fluffyguy
50841639423,elmarianaa
50841639423,marrytoshow
50841639423,lalalalisa_m
50841639423,milliebobbybrown
50841639423,salmahayek
50841639423,andresvernazza
50841639423,callduckofficial
50841639423,meowrldyt
50841639423,bryan.doors
50841639423,spanishteacher_venezuela
50841639423,luisvelody
50841639423,1924us
50841639423,spanishwithdiana_
50841639423,charlemos.in.spanish
50841639423,365fanpage
50841639423,elbenjareal
50841639423,bobesponja
50841639423,katyperry
50841639423,anlouisysebas
50841639423,wilson_alcaraz
50841639423,tonystatovci
50841639423,spanish.with.vicky
50841639423,liammiiler
50841639423,yourspanishwithjavier
50841639423,elturtleteacher
17614846610,zeel.careercounselor
17614846610,sheenamgautam
17614846610,shwetaarora.in
17614846610,foreign_ki_duniya
17614846610,grow_with_gulz
17614846610,opportunitiescircleofficial
17614846610,thatsalariedguy
17614846610,mycaptainofficial
17614846610,career_with_kavitha
17614846610,iam.sudhakaran
17614846610,asoftwareguy
17614846610,explorewithfestus
17614846610,mayuri.in
17614846610,leapscholar
17614846610,_ankusha.patil_
17614846610,missdataanalyst
17614846610,flying_abroad
17614846610,hecscholarships
17614846610,careerwithankita
17614846610,thegeekymind
17614846610,tech.divanshu
17614846610,jobsforu.in
17614846610,jobssamachar
17614846610,scholarstrategy
17614846610,edu_dikshaarora
17614846610,shreyamahendru_
17614846610,placement_drives_updates
17614846610,absolutelyashika
17614846610,indianschoolofskills
17614846610,hiten.codes
17614846610,analyticxhub
17614846610,geekydev.in
17614846610,ca.nikitajindal
17614846610,freshersgpt
17614846610,ignite.recruitment
17614846610,thepocketpro_
17614846610,ukjobsinsider
17614846610,bunmaskka
17614846610,arshgoyalyt
17614846610,msbvision
17614846610,sponsorhire
17614846610,meglovesdata
17614846610,thebetterindia
17614846610,aasifcodes
17614846610,careerwithanjali
17614846610,aliaabhatt
17614846610,trolls_official
17614846610,shethepeopletv
17614846610,manjyoti.in
17614846610,shivesh17
17614846610,beebomco
17614846610,mostlysane
17614846610,shafali.jain25
17614846610,casarthakahuja
17614846610,naughtyworld
17614846610,instantbollywood
17614846610,nutshellindia
17614846610,haniaheheofficial
17614846610,ezsnippet
17614846610,shivammalik09
17614846610,karanlohiaa_
17614846610,career_gpt_
17614846610,_adultgram_
17614846610,holistic.therapist.gayathri
17614846610,ghantaa
17614846610,filtercopy
17614846610,thisisadityaaa
17614846610,startuppakistansp
17614846610,limitlessmayank01
17614846610,officialpeopleofindia
17614846610,kartikaaryan
17614846610,bhavna555
17614846610,techplusgadgets
17614846610,meetavinash
17614846610,dubaicareerconsultant
17614846610,techschoool
17614846610,digitalbhasu
17614846610,karishmaticmarketer
17614846610,fresherscareer
17614846610,rasleen_grover
24159473218,rickylimon99
24159473218,mujerdebuenapastaa
24159473218,duolingo
24159473218,chinguamiga
24159473218,elsypaezmusic1
24159473218,soy.messii
24159473218,luisitocomunica
24159473218,missasinfonia
24159473218,soybans
24159473218,capitangatoyt
24159473218,robleis
24159473218,sonrixs1
24159473218,cesar
24159473218,aagguussttiinn
24159473218,eleazarguevara_
24159473218,josegalesote
24159473218,losariasbrothers
24159473218,elmarianaa
24159473218,any_cemar
24159473218,meowrldyt
24159473218,drpologuerrero
24159473218,los_chicaneros
24159473218,destripandolahistoria
24159473218,brawlstars
24159473218,matixoviedo_
24159473218,danireprep
24159473218,rickytafolla
24159473218,la_grasa__
24159473218,enchufetv
24159473218,bobesponja
24159473218,rokoletaa
24159473218,iker.unzu
24159473218,elbenjareal
24159473218,elalexirl
24159473218,cristhianhaze
24159473218,donmeme2981
24159473218,editsnetworkofficial
24159473218,crystalmollygamer
24159473218,illojuanismo
24159473218,lasleyendasofficial
24159473218,whoisroro
24159473218,momazos_malcom_oficial
24159473218,sabrinacarpenter
24159473218,jonata.26
24159473218,alexisomman
24159473218,iker_ruizdb
24159473218,monlaferte
24159473218,maia_kormer
24159473218,deepvoid_
24159473218,cuenta_de_astronomia
24159473218,lina_valdivia
24159473218,lazarocapaldi
24159473218,omari.too
24159473218,denqui2_2000
24159473218,alanecuatro
24159473218,nachter
24159473218,dave_ramirz
24159473218,saaryy.__
24159473218,momazos_teodoro_oficial_
24159473218,laufey
24159473218,adamaikad
24159473218,kevinfashioned
24159473218,cosadegatos.ok
24159473218,drsimi_oficial
24159473218,memes.de.m1erda
24159473218,pixar
24159473218,elabueditozeus
24159473218,pangocast
24159473218,nderakoreami
24159473218,arianagrande
24159473218,lalalalisa_m
24159473218,odalysanddafnne
24159473218,bastiandelfin
24159473218,soytuprofedelengua
24159473218,anguz_wuw
24159473218,ppteamrafa
24159473218,oliviarodrigo
24159473218,vegetita777fans
24159473218,luisvelody
24159473218,marina.mese
3564395600,dagelan
3564395600,kamusmahasiswa
3564395600,kitabuku.id
3564395600,thinkz.id
3564395600,ginanjarrahmawan
3564395600,awreceh.id
3564395600,kumparancom
3564395600,ibuiramira
3564395600,fyifact
3564395600,taubatters
3564395600,pandawaragroup
3564395600,michelpurnamaa
3564395600,santosoim
3564395600,giapratamamd
3564395600,generasi.ai
3564395600,anak.kuliah
3564395600,hotmanparisofficial
3564395600,historymemes_nusantara
3564395600,najwashihab
3564395600,ussfeeds
3564395600,catatanfilm
3564395600,riaricis1795
3564395600,kemdikbud.ri
3564395600,cruside
3564395600,dunia_kaumhawa
3564395600,abouthetic
3564395600,muzammilhb
3564395600,otakkanann
3564395600,maudyayunda
3564395600,tentangkampusofficial
3564395600,bkngoidofficial
3564395600,fiqihwanita_
3564395600,indonesiamengaji.id
3564395600,ustadzabdulsomad_official
3564395600,kodereels
3564395600,infarm.id
3564395600,raymondchins
3564395600,vinamuliana
3564395600,psikologiindonesia_
3564395600,mountnesia
3564395600,kampusmerdeka.ri
3564395600,jadoel.ig
3564395600,catatanentrepreneur
3564395600,worldfacts.idn
3564395600,fiqihpernikahan
3564395600,salimafillah_official
3564395600,liputan6
3564395600,duniamahasiswa.idn
3564395600,wiwifau
3564395600,ilmu_networking
3564395600,shintaeyong7777
3564395600,willie27_
3564395600,maartenpaes
3564395600,dailymood.mahasiswa
3564395600,belajarriset.id
3564395600,abouthify
3564395600,433
3564395600,sobatcampus
3564395600,studicpns.id
3564395600,anak.teknik.id
3564395600,celah.kampus
3564395600,eye.on.palestine
3564395600,insightdunia
3564395600,motivasi.mindset
3564395600,filosofis.id
3564395600,makassar_iinfo
3564395600,bantukuliahmu.id
3564395600,praz_teguh
3564395600,inspirasikristen_
3564395600,manuru.id
3564395600,_irishbella_
3564395600,aurelie.hermansyah
3564395600,seputarmahasiswa.idn
3564395600,surakartakita
3564395600,sabdaperubahan
3564395600,dealls.jobs
3564395600,liriiklagu
3564395600,islam.bermanfaat
3564395600,riyukabunga
3564395600,kemenag_ri
8567129477,upsc_unique_ranger
8567129477,balalathamallavarapu
8567129477,unprofessional_trollers
8567129477,mallamcreations
8567129477,gkcurrentaffairsworld
8567129477,frontlines_edutech
8567129477,frontlinesmedia_ignited_minds
8567129477,poley_adiripoley
8567129477,iasworldofficial
8567129477,frustrated_fresher_
8567129477,controversyy
8567129477,upsc_trick_only
8567129477,capdt
8567129477,codewithswaroop
8567129477,jobvisit
8567129477,studenttribe.st
8567129477,vamsi_bhavani
8567129477,railwayadda24
8567129477,devans_classes
8567129477,beinglimitless
8567129477,lite_ba
8567129477,ktrtrs
8567129477,chaibisket
8567129477,celluloid_panda
8567129477,vishwaksens
8567129477,meme_raaja
8567129477,englishpartner_telugu
8567129477,harshaisavailable341
8567129477,telugutechsupport
8567129477,metamind_academy
8567129477,_upsc_notes
8567129477,ssrajamouli
8567129477,my_exam_tricks
8567129477,hemu.tech
8567129477,tweetakulu
8567129477,currentaffairstelugu1
8567129477,an_aspirant_tgpsc
8567129477,prasadtechinteluguofficial
8567129477,anilnairmathtricks
8567129477,singlethugs
8567129477,ajayfromayejude
8567129477,meme_knowledge__
8567129477,relangimavayya__
8567129477,ccbp_memes
8567129477,belikekick
8567129477,telugu_swaggers
8567129477,hiringhustle
8567129477,mamanuvkudab.techha
8567129477,movies4u_official
8567129477,urstrulymahesh
8567129477,dhimaakthoda
8567129477,updates_buzz
8567129477,trollmama_
8567129477,rishikesav_m
8567129477,i_nivethathomas
8567129477,ismartshivafacts
8567129477,keerthysureshofficial
8567129477,varunkonidela7
8567129477,jetpanja
8567129477,sudheer_.06
8567129477,em_unnai_ra_memes
8567129477,troll_upsc
8567129477,siddu_buoy
8567129477,k4knowledge
8567129477,vismaifoodies
8567129477,govt_job_mama_mm
8567129477,competitiveexamslibrary
8567129477,sitaraghattamaneni
8567129477,namratashirodkar
8567129477,iamsamyuktha_
8567129477,ravimantrii
8567129477,aslam.mohd01
8567129477,sachintendulkar
8567129477,iace_academy
8567129477,rohitsirclasses
8567129477,tgpsc_world__
8567129477,station_master_subhash
8567129477,ts.studies9
8567129477,ananta_krishi
8567129477,rsbeducation
48646537569,englishloovers
48646537569,english101_whithme
48646537569,ielts_advantage
48646537569,jackalexanderenglish
48646537569,english.grammar.vocab
48646537569,grammar.english.class
48646537569,instantenglishuk
48646537569,beespeakerapp
48646537569,fast_english_class_360
48646537569,ielts.lessson
48646537569,learnenglishwithnavi
48646537569,englishwithgtm
48646537569,englishpix
48646537569,speak_clearly_coach
48646537569,english_withck
48646537569,english_new_way
48646537569,englishattheready
48646537569,learntest.english
48646537569,amerikan_way
48646537569,dreyermylord
48646537569,biringilizsokagi
48646537569,praktika_english
48646537569,englishwithlucy
48646537569,yaznlaz
48646537569,dalilk4step
48646537569,elsa_speak
48646537569,dalatienglish
48646537569,quickenglishfluency
48646537569,iam_anaratchr
48646537569,spoken.english.hub
48646537569,english_speaking411
48646537569,spoken.english9
48646537569,bbclearningenglish
48646537569,english_with___abdo
48646537569,antonios.english
48646537569,englishwithdoa
48646537569,spoken_english__daily
48646537569,englishcentral
48646537569,ingiliztili_1
48646537569,missmilagroslenguaje
48646537569,word_craftacademy
48646537569,english.learners.group
48646537569,thefiercebeliever
48646537569,english.by.negin
48646537569,english_with_riadh
48646537569,ingliz_tili_1
48646537569,armina.english
48646537569,saya_education
48646537569,a_arinarey
48646537569,english.spoken.hub
48646537569,spoken.english.tips
48646537569,inglesdocotidianobr
48646537569,eng_lish_4u4u
48646537569,dailyenglish_fatemeh
48646537569,lklogy
48646537569,englishvocabvoyage
48646537569,english_paradisee
48646537569,learn_english_quickly_today
48646537569,englishxrealm
48646537569,better.in.english
48646537569,kaleanderss
48646537569,ayman.english1
48646537569,english.with.aga
48646537569,teacherrenatamillen
48646537569,anna.presentperfect
48646537569,teacher_carolz
48646537569,inglesdefinitivo1
48646537569,nazaninioc
48646537569,teacher.alefbrito
48646537569,misterwsh
48646537569,englishinarabic_uk
48646537569,arta.english
48646537569,ingles.ahorita
48646537569,promova
48646537569,englishwitharun
48646537569,433
48646537569,trucos.rapidos.ingles
48646537569,lalalalisa_m
48646537569,english_lingo
48646537569,bari_english_academy
29912564570,prof_ketfi.cherif
29912564570,prof__rania
29912564570,prof_haigoune
29912564570,sidali.chee
29912564570,dr_chms
29912564570,lydia.chg
29912564570,anesbekiri
29912564570,prof_fares_philo
29912564570,rahim.siouane
29912564570,prof_hamdache
29912564570,miss__soulef
29912564570,ycf__x1
29912564570,bac_with_honors_off
29912564570,chouaib_isdead
29912564570,amar_akhrib
29912564570,bac_with_achraf
29912564570,bac._.algeria
29912564570,redadelii
29912564570,ayoub__bac_2025
29912564570,adem.pirate
29912564570,aymen_boudraa_
29912564570,aya_aya.897
29912564570,rifka.bjm
29912564570,yacine.bbx
29912564570,ghano_cuisine.__
29912564570,prof_arab_baghradji
29912564570,bac_with_ysf
29912564570,noreneharid
29912564570,prof_nordine
29912564570,mohamed_voice
29912564570,samir_studies_dz
29912564570,nour_sciences
29912564570,houari.philoo
29912564570,prof_abdou_physique
29912564570,ez_bac2025
29912564570,english_with_wael
29912564570,kamel_english
29912564570,laz_lifestyle_official
29912564570,nidal_fed
29912564570,tarek_vegastorie
29912564570,sidahmed_chaallel
29912564570,prof_as.math
29912564570,amira_chennouf
29912564570,rexleur
29912564570,kadawmiloud
29912564570,chenwi_hk
29912564570,aritaox
29912564570,yassine_rezig_
29912564570,bac._.2025_x
29912564570,prof_youcef_ferradi
29912564570,the.first.time.officiel
29912564570,re._.nna
29912564570,3adi_fi_beladi
29912564570,sarah_redjil
29912564570,beinsports
29912564570,maya_redjil
29912564570,echorouk_news
29912564570,king.queen.official
29912564570,professeur_chaouch
29912564570,norel.bmz
29912564570,prof_ilyes_maths
29912564570,study_no_w
29912564570,prof_manel_1
29912564570,_ishak_king_
29912564570,ahlamoori
29912564570,study_with_ikram
29912564570,sifoureviews
29912564570,khoubai
29912564570,nour.smd18
29912564570,sohaib.abdou09
29912564570,profcherifi.fans
29912564570,english.with.cherine
29912564570,prof.ouss
29912564570,style_alg
29912564570,prf_ati_math
29912564570,dr.maleek3
29912564570,tamer.kb_
29912564570,bac2025_withdr
29912564570,inesabdelli.officiel
29912564570,_study.with.amani_
1617869052,serna_amini
1617869052,afaagh__
1617869052,radiojavan
1617869052,estakhrifamily
1617869052,cook.mag
1617869052,parisa__nasri
1617869052,mojtaba.tamassoki
1617869052,mahshidbeautyblog
1617869052,picopry
1617869052,golfarahani
1617869052,nazafarinaminzadeh
1617869052,m.h_academy
1617869052,sepblog
1617869052,2khati_
1617869052,amir_soleymani_
1617869052,rihanna.nejad
1617869052,shahbeiit
1617869052,sinavaliollah
1617869052,dub_alireza
1617869052,hashiyeh
1617869052,mehdisahebann
1617869052,parsaismm
1617869052,dalgraphi
1617869052,vahidreza_sadeghpour
1617869052,malakian_physics
1617869052,rezaarashnia
1617869052,simay_afzali
1617869052,ardeshire_rostami
1617869052,dr.maryam_aghaei
1617869052,officialtheshey
1617869052,hooshine.ir
1617869052,farid__kenzo8
1617869052,gisoodiba
1617869052,mtnami
1617869052,banovaneh_
1617869052,khat_nevis
1617869052,mahsa.eidi1
1617869052,saaren_music
1617869052,girlswhowin_
1617869052,fereshteazadnia
1617869052,satintunes
1617869052,_aghoshe_to
1617869052,soroursalmani
1617869052,ehsanalikhani
1617869052,arinaz_hastam
1617869052,azin___hakhamanesh2019
1617869052,shivaworkstyle
1617869052,mohammadbasiri1
1617869052,monas_ideas
1617869052,faraz_ghoorchian
1617869052,turkmusictv
1617869052,vitakonkur
1617869052,navidmohammadzadeh
1617869052,rebeccaghaderi
1617869052,tohi
1617869052,dokhtarbasss
1617869052,pluss_mag
1617869052,sarah.oghabi
1617869052,mojtabashafiee_7
1617869052,daneshe.zendegii
1617869052,ghafaridiet
1617869052,ashpaz__bash
1617869052,neginjavaherri
1617869052,rad_chemistry
1617869052,ahooo_beautiful_angel
1617869052,dr.masoumeh.khanaki
1617869052,_neveshte_graphy
1617869052,mary__hm
1617869052,konkur_seshin
1617869052,shiraz_photo
1617869052,gandom.heydariii
1617869052,hedieh_heidari_1
1617869052,mohamadrezamf_music
1617869052,yarinoedu
1617869052,mahmodi.fereshteh
1617869052,abolfazl_motallebiii
1617869052,marziyehsharahi.ir
1617869052,llpowerfulgirll
1617869052,hirbodacademy
1617869052,raya_samiei
8760783406,thiagofinch
8760783406,fealvesmotivacao
8760783406,leostronda
8760783406,daniel.alfem
8760783406,giolucca_
8760783406,neymarjr
8760783406,thiago.nigro
8760783406,toguro
8760783406,deiveleonardo
8760783406,mentor_milionario
8760783406,eslen.delanogare
8760783406,pablomarcal1
8760783406,projetomilhao
8760783406,cocielo
8760783406,juliobalestrinoficial
8760783406,marcosdelcastilho
8760783406,buzeira_oficial
8760783406,cadotavaresjj
8760783406,cazetv
8760783406,owesleyiportti
8760783406,fatosdesconhecidos
8760783406,caciano
8760783406,area.do.homem
8760783406,eu_zollim
8760783406,iagor
8760783406,gutogalamba
8760783406,patrickbelmiro
8760783406,mchariel
8760783406,victorbenecke
8760783406,psicanalisando.comvjr
8760783406,paulovcoach
8760783406,mateusconrad_
8760783406,l7nnon
8760783406,will.tis
8760783406,mentedesucessoo
8760783406,leoaraujob
8760783406,paulinhooloko
8760783406,gemeos.investem
8760783406,riquezaeliberdade
8760783406,fightmusicshow
8760783406,pedrosobral
8760783406,felipetitto
8760783406,jhonatanmoraes_
8760783406,cortesdofealvess
8760783406,zeetz
8760783406,virginia
8760783406,luvadepedreiro
8760783406,desimpedidos
8760783406,netflixbrasil
8760783406,oordonhas
8760783406,charlesdobronxs
8760783406,lacteameufii
8760783406,igorkadooka
8760783406,endrick
8760783406,catiadamasceno
8760783406,thewisemanoficial
8760783406,richarlison
8760783406,gabrielzancanellipro
8760783406,socialpro__
8760783406,jojotodynho
8760783406,_mindset_blindado
8760783406,adairledino
8760783406,wesleyalemao
8760783406,alfinetei
8760783406,joaodograu
8760783406,dpdgdiego
8760783406,caiopimentelpsi
8760783406,memphisdepay
8760783406,marcelotoledo
8760783406,onelsomoura
8760783406,waguinhov
8760783406,popofreitas
8760783406,samuel.ourique
8760783406,johannschatztreinador
8760783406,edigasbrother
8760783406,pobretion
8760783406,toptech_oficial
8760783406,obrabo_oficiial
8760783406,guilorenzetti
8760783406,mentes.alfa
33398891883,kk.create
33398891883,cds.journey
33398891883,anikett.thakurr
33398891883,nitishrajpute
33398891883,dhruvrathee
33398891883,rohantyagi_official
33398891883,the_hindu
33398891883,bhajanmarg_official
33398891883,whatifankit_2.0
33398891883,mygovindia
33398891883,bhuvan.bam22
33398891883,drishtiias
33398891883,trolls_official
33398891883,shudhdesicomic
33398891883,rahulmalodiaofficial
33398891883,xy_axis_education
33398891883,naughtyworld
33398891883,thebetterindia
33398891883,iasworldofficial
33398891883,ghantaa
33398891883,shivammalik09
33398891883,aajtak
33398891883,sachintendulkar
33398891883,nutshellindia
33398891883,iamjayakishori
33398891883,readrecallrevise
33398891883,ezsnippet
33398891883,divyakirti.vikas
33398891883,incindia
33398891883,satishray_
33398891883,unfiltered_bysamdish
33398891883,factsteller_
33398891883,abhishekkarofficial
33398891883,peepalbaba
33398891883,ashwini.vaishnaw
33398891883,tech_iela
33398891883,ankur_agarwal_vines
33398891883,civilservicesmemes
33398891883,single.handedly
33398891883,creative.thrives
33398891883,techplusgadgets
33398891883,brut.hindi
33398891883,theranveershowpodcast
33398891883,srushtideshmukhias
33398891883,beebomco
33398891883,indiannavy
33398891883,pankajtripathi
33398891883,hardikpandya93
33398891883,iamlegalbaba
33398891883,rahulgandhi
33398891883,shikhardofficial
33398891883,iamsrk
33398891883,_adultgram_
33398891883,kartikaaryan
33398891883,studyiqias.hindi
33398891883,instantbollywood
33398891883,zindagi.gulzar.h
33398891883,shahidkapoor
33398891883,surya_14kumar
33398891883,officialpeopleofindia
33398891883,shreyaghoshal
33398891883,amitabhbachchan
33398891883,niteshsoniy
33398891883,aliaabhatt
33398891883,mumbaiindians
33398891883,bioshala
33398891883,taneja.gaurav
33398891883,defencedirecteducation
33398891883,officialpiyushmishra
33398891883,riteishd
33398891883,realharshgujral
33398891883,avasthiankit
33398891883,sanskritiias
33398891883,bajpayee.manoj
33398891883,mptourism
33398891883,gaursepadho
33398891883,vishalsharmageopolitics
33398891883,_upsc_notes
33398891883,index.daily
33398891883,the_heliopause
3252985616,instantenglishuk
3252985616,beespeakerapp
3252985616,fast_english_class_360
3252985616,antonios.english
3252985616,jackalexanderenglish
3252985616,dreyermylord
3252985616,anna.presentperfect
3252985616,englishwithlucy
3252985616,ielts_advantage
3252985616,englishwithgtm
3252985616,englishwithsteveford
3252985616,amerikan_way
3252985616,englishvocabvoyage
3252985616,word_craftacademy
3252985616,saya_education
3252985616,praktika_english
3252985616,ielts.lessson
3252985616,spoken.english9
3252985616,bbclearningenglish
3252985616,neoenglishwithpam
3252985616,englishattheready
3252985616,english.grammar.vocab
3252985616,iam_anaratchr
3252985616,biringilizsokagi
3252985616,elsa_speak
3252985616,grammar.english.class
3252985616,learntest.english
3252985616,quickenglishfluency
3252985616,englishpix
3252985616,englishwith.abd
3252985616,english.by.negin
3252985616,a_arinarey
3252985616,english101_whithme
3252985616,yaznlaz
3252985616,daniellalewicz
3252985616,spoken_english__daily
3252985616,english.speak.daily
3252985616,english_with_alhasan
3252985616,spoken.english.hub
3252985616,thefiercebeliever
3252985616,english.with.aga
3252985616,englishenchant
3252985616,explodingsuccess
3252985616,english.learners.group
3252985616,johnsenglishpage
3252985616,better.in.english
3252985616,englishcentral
3252985616,learnenglishwithbobby
3252985616,armina.english
3252985616,venyapak
3252985616,teacherrenatamillen
3252985616,speak_clearly_coach
3252985616,krukellen
3252985616,_theaccentguy_
3252985616,realhealthschool
3252985616,englishwithadz
3252985616,english.spoken.hub
3252985616,train_the_teacher
3252985616,tiboinshape
3252985616,speakingwithyasir
3252985616,missmilagroslenguaje
3252985616,openenglisharabia
3252985616,lifereallysocks_official
3252985616,santwinder_singh_waraich
3252985616,teacher.mu7mad
3252985616,learn_english_with_sharry
3252985616,bari_english_academy
3252985616,time.for.lee.english
3252985616,speakologymaster
3252985616,fatima_english13
3252985616,englishxrealm
3252985616,spoken.english.tips
3252985616,david_theteacher
3252985616,englishloovers
3252985616,spanishahorita
3252985616,learn_english_quickly_today
3252985616,kate.kulp
3252985616,arta.english
3252985616,letstalkenglishbsb
3252985616,englishwithhazem
3060174961,kampusmerdeka.ri
3060174961,bkngoidofficial
3060174961,kemenag_ri
3060174961,puspresnas
3060174961,kemkomdigi
3060174961,najwashihab
3060174961,nunuksuryani
3060174961,maudyayunda
3060174961,ditpsd
3060174961,dagelan
3060174961,kurikulum.merdeka
3060174961,zonamahasiswa.id
3060174961,gibran_rakabuming
3060174961,kumparancom
3060174961,magangmerdeka
3060174961,kementerianbumn
3060174961,tempodotco
3060174961,tirtoid
3060174961,lensamu
3060174961,beasiswa.co
3060174961,sahabat.kipkuliah
3060174961,teacherkhamidah
3060174961,nahdlatululama
3060174961,pandawaragroup
3060174961,perpusnas.go.id
3060174961,ibuiramira
3060174961,ginanjarrahmawan
3060174961,santosoim
3060174961,muzammilhb
3060174961,fiqihwanita_
3060174961,sekretariat.kabinet
3060174961,ekanurvianafatma
3060174961,bbcindonesia
3060174961,kemenpanrb
3060174961,ntsana
3060174961,detikcom
3060174961,vinamuliana
3060174961,kemhanri
3060174961,nugarislucu
3060174961,awreceh.id
3060174961,riaricis1795
3060174961,pbpgri_official
3060174961,bbgpjabar.kemdikbudristek
3060174961,ussfeeds
3060174961,kamivokasi
3060174961,maxwellsalvadorr
3060174961,refoindonesia
3060174961,shintaeyong7777
3060174961,linawijayanti
3060174961,infobmkg
3060174961,paudpedia
3060174961,dimas.teguh.saputra
3060174961,cispy_47
3060174961,pusmendik
3060174961,bbgpjateng
3060174961,duniadosencom
3060174961,bugururia
3060174961,shireensungkar
3060174961,catatanfilm
3060174961,ustadzabdulsomad_official
3060174961,titieksoeharto
3060174961,kitabuku.id
3060174961,tiaraandini
3060174961,kemenko_pmk
3060174961,bbgpjatim
3060174961,liputan6
3060174961,adihidayatofficial
3060174961,aurelie.hermansyah
3060174961,nurlinda_alwi
3060174961,giapratamamd
3060174961,tasyafarasya
3060174961,inspirasikristen_
3060174961,narabahasa
3060174961,science_hunter
3060174961,yusrilihzamhd
3060174961,aplikasi.rkas
3060174961,tercipungcipung
3060174961,publikasiilmiah
3060174961,zeniuseducation
3060174961,bapak2id
10725227869,t.sunehra
10725227869,fahrinfaizaa
10725227869,tasnia_farin
10725227869,imrosetishanusrat
10725227869,being_antik
10725227869,farhanahmdjovan
10725227869,zohra_2717
10725227869,noureen_afrose
10725227869,bananonina_papoi
10725227869,shoumik_who
10725227869,yashrohann
10725227869,habiba.shurovy
10725227869,haniaheheofficial
10725227869,nusraat_faria
10725227869,shanti_rehman
10725227869,shammashadows
10725227869,malaika.chowdhury
10725227869,jaya.ahsan
10725227869,aysaiqbal
10725227869,thefrontpagebd
10725227869,the.sh.jay
10725227869,sallhakhanomnadia
10725227869,aliaabhatt
10725227869,neyon_on
10725227869,medha.bee2.0
10725227869,somoynews_tv
10725227869,kashfia__chowdhury
10725227869,actor.apurba
10725227869,bdcrictime
10725227869,pori.moni.902
10725227869,ishyaa_tahsin
10725227869,iamshikkhu
10725227869,soumya_sarkar_59
10725227869,nesath_khusbu
10725227869,banglanostalgiatous
10725227869,shekhmorsalin_
10725227869,momit_here
10725227869,aawdrita
10725227869,k.arfa__
10725227869,nadironthego
10725227869,naz_hass
10725227869,debosrisonchita16
10725227869,kajalarefinome
10725227869,cuhieislam
10725227869,porshi
10725227869,arafintisarvlogs
10725227869,saboziee
10725227869,rothey_ahmed
10725227869,lr.larin_
10725227869,darlious_rika
10725227869,bhabna_ashna
10725227869,samonty_shoumi
10725227869,shehwarandmaria
10725227869,yumnazaidiofficial
10725227869,mushfiqurofficial
10725227869,neymarjr
10725227869,shahidkapoor
10725227869,laughtersane
10725227869,konabyfarnazalam
10725227869,iamsrk
10725227869,adibakarimsneha
10725227869,mayeeshatasneem
10725227869,shahnaz_shimul
10725227869,wear_shordindu
10725227869,sadia_islamjesi
10725227869,ridysheikh
10725227869,shreyaghoshal
10725227869,atharalikhan97
10725227869,nayaksunidhi
10725227869,mitanur_rahman_mimi
10725227869,myself_koushani
10725227869,sameerscane
10725227869,nihab_rahman
10725227869,kiaraaliaadvani
10725227869,aslisona
10725227869,samarjafri_
10725227869,kksunofficial
10725227869,sinthia_alam
10725227869,runa_khan._.raw
10725227869,boby1931
5994931420,salamateravan.ir
5994931420,sepblog
5994931420,nabayad_mikhandim
5994931420,golfarahani
5994931420,zhuaan
5994931420,youtopin.app
5994931420,selfology_pzm
5994931420,persian.plus
5994931420,mehrsasharoleslam
5994931420,monadchannel
5994931420,sarathechemist
5994931420,mahshidbeautyblog
5994931420,antibloggers1
5994931420,afaagh__
5994931420,rihanna.nejad
5994931420,zheen_magazine
5994931420,hastionistiii
5994931420,pilban.agency
5994931420,solmaz_barghgir_coach
5994931420,soroursalmani
5994931420,sinavaliollah
5994931420,vahidreza_sadeghpour
5994931420,better_life_tips_
5994931420,hushyarnet
5994931420,honare_eshq
5994931420,farsifacts
5994931420,melinataj
5994931420,ravanaagah
5994931420,amiirosyn
5994931420,hosein.aura
5994931420,ashkan
5994931420,mahsa.eidi1
5994931420,hiba.style_
5994931420,gilda.borojerdi
5994931420,sahardolatshahi
5994931420,mahtab_nmvr
5994931420,sarah.oghabi
5994931420,milad_khahhh
5994931420,_bekhanim_
5994931420,parastooreview
5994931420,mohammatti
5994931420,tinaparsa
5994931420,hosseinronaghi
5994931420,armangarshasbi
5994931420,comment_gap
5994931420,shabnamshahrokhi
5994931420,bonyadfarhangzendegi
5994931420,armanjolaie
5994931420,rebeccaghaderi
5994931420,radiojavan
5994931420,shahbeiit
5994931420,dokhtarbasss
5994931420,sky_astronomy_sky
5994931420,kaverad
5994931420,universe.mag
5994931420,gisoodiba
5994931420,paymanmaadi
5994931420,dr.mohsen.rezaee
5994931420,yaldarta
5994931420,feresh____t
5994931420,miakimioo
5994931420,unbound_nomads
5994931420,samin_hints
5994931420,taranenevesht
5994931420,kimiamavaddat
5994931420,nazafarinaminzadeh
5994931420,pathway_of_surrender
5994931420,mimo.by.mina
5994931420,mary__hm
5994931420,yasi.esl
5994931420,sarahaghighat
5994931420,jubique
5994931420,cook.mag
5994931420,shit.ism
5994931420,cervo_art
5994931420,ardeshire_rostami
5994931420,niko0o0o
5994931420,fitness_cilip
5994931420,daneshe.zendegii
5994931420,sanda.fashionshop
303130519,flaviaplucas
303130519,pequenasdicasde
303130519,odiogoalmeida
303130519,dr.monteze
303130519,gutogalamba
303130519,profa.robertamacedo
303130519,domingosdossantosnetott
303130519,carla.zambelli
303130519,nutrijoaomuzzy
303130519,chefrogerioholanda
303130519,fatosdesconhecidos
303130519,institutorodolfosouza
303130519,fernandabrittoprotocolo
303130519,profdombrauskas
303130519,juarezleiteoficial
303130519,portuguesdicas
303130519,beto_carvalho_ofc
303130519,ailtonjvnior
303130519,flaviobolsonaro
303130519,paulo_benites_concursos
303130519,jefdicastech
303130519,franklinmedrado
303130519,linguaportuguesa_
303130519,padre_patrick
303130519,pavinatto
303130519,johnleitao
303130519,sikerajr
303130519,josafathmussaba
303130519,cleitinhoazevedo
303130519,chefbrunalopes
303130519,dr.fernando_lemos
303130519,fccintiachagass
303130519,gramatiqueiro
303130519,foconomil_
303130519,dpdgdiego
303130519,eduardofeldberg
303130519,cazetv
303130519,jojotodynho
303130519,leodias
303130519,virginia
303130519,professorwarleysouza
303130519,soueunavida
303130519,alfinetei
303130519,pefabiodemelo
303130519,neymarjr
303130519,andrefernandes
303130519,senaitalo
303130519,oficialeliasantana
303130519,concursoexpert
303130519,rafaellatuma
303130519,thiago.nigro
303130519,lulaoficial
303130519,oratinho
303130519,penal.aulas
303130519,pablojamilk
303130519,aryfontoura
303130519,netflixbrasil
303130519,bastosleticiac
303130519,lucianohangbr
303130519,nikolasferreira.dep
303130519,ivana__jauregui
303130519,leostronda
303130519,hugogloss
303130519,deiveleonardo
303130519,mauriciodovolei
303130519,paulovcoach
303130519,pablomarcal1
303130519,curiositathi
303130519,revistaoeste
303130519,portalr7
303130519,proflyraa
303130519,laercio_prof
303130519,dicasdavandinha_
303130519,marcelvanhattem
303130519,manualdomundo
303130519,marcosmion
303130519,celsoportiolli
303130519,boletimcoppolla
303130519,prof.robsonliers
303130519,zoebmartinez
3863839299,kampunginggrislc
3863839299,catatanindahns
3863839299,catatan_ngambis
3863839299,vaniawinola
3863839299,dagelan
3863839299,annisavivi15
3863839299,aliciaeva9
3863839299,maudyayunda
3863839299,englishacademy_id
3863839299,zonamahasiswa.id
3863839299,jagoinggris.co
3863839299,pandawaragroup
3863839299,erikarichardo
3863839299,michelpurnamaa
3863839299,vinamuliana
3863839299,najwashihab
3863839299,historymemes_nusantara
3863839299,ananzaprili
3863839299,survival_kampunginggris
3863839299,nathan_suparman
3863839299,beasiswa.co
3863839299,savira_malik
3863839299,belajar_bahasa.inggris
3863839299,arahpemuda
3863839299,evelynchrestella
3863839299,generasi.ai
3863839299,dayintaa_
3863839299,ibuiramira
3863839299,animasidolewak
3863839299,horang.wave
3863839299,beatricesuhendii
3863839299,kadityarakann
3863839299,riaricis1795
3863839299,lucuwna
3863839299,infarm.id
3863839299,shadirafirdausii
3863839299,anakkampusenglish
3863839299,hendtalks
3863839299,na.jaemin0813
3863839299,kampunginggrisbdg
3863839299,kampunginggris.online
3863839299,satriamastia
3863839299,taaarannn
3863839299,awreceh.id
3863839299,kampung.inggriss
3863839299,abouthify
3863839299,kenziryutyaga
3863839299,lalalalisa_m
3863839299,matematika.deka
3863839299,coppamagz
3863839299,zeeasadel
3863839299,helobagas
3863839299,misterwsh
3863839299,willie27_
3863839299,kitabuku.id
3863839299,tiaraandini
3863839299,onyourm__ark
3863839299,giapratamamd
3863839299,mr.yasir.english
3863839299,ustadzabdulsomad_official
3863839299,shintaeyong7777
3863839299,idhabiebs
3863839299,olimpiadeindonesia
3863839299,waktunyauntukmakan
3863839299,ussfeeds
3863839299,the.chellx
3863839299,masmtkofficial
3863839299,azzahraputrisanti_
3863839299,eye.on.palestine
3863839299,nevelenglishcourse
3863839299,raymondchins
3863839299,tasyafarasya
3863839299,misselenglishcourse
3863839299,ntsana
3863839299,janeelisabet8
3863839299,catatanfilm
3863839299,nct
3863839299,diasftri21
3863839299,santuy.english
3863839299,babymonster_ygofficial
5481270177,bbcbrasil
5481270177,pefabiodemelo
5481270177,lulaoficial
5481270177,gnt
5481270177,guilhermeboulos.oficial
5481270177,aryfontoura
5481270177,jornalsensacionalista
5481270177,hugogloss
5481270177,eduardomoreirareal
5481270177,folhadespaulo
5481270177,rafaellatuma
5481270177,lf_ponde
5481270177,sandra.annenberg.real
5481270177,cafecomsociologia
5481270177,revistatpm
5481270177,gduvivier
5481270177,padrejulio.lancellotti
5481270177,greengodictionary
5481270177,fernandamontenegrooficial
5481270177,miltonbitucanascimento
5481270177,obvious.cc
5481270177,ricamorim
5481270177,vejanoinsta
5481270177,anaclauquintanaarantes
5481270177,quebrandootabu
5481270177,fatimabernardes
5481270177,odiogoalmeida
5481270177,franklinmedrado
5481270177,vitordicastro
5481270177,uolnoticias
5481270177,silviolual
5481270177,xuxameneghel
5481270177,caiofabiodaraujofilho
5481270177,pedrobial
5481270177,sameragi
5481270177,frasesdecriancas
5481270177,natuzanery
5481270177,netflixbrasil
5481270177,brunalombardi
5481270177,ofilosofo_
5481270177,mariabethaniaoficial
5481270177,fepaesleme
5481270177,uoloficial
5481270177,filosofiaparavida_
5481270177,tadashikadomoto
5481270177,gentilfernanda
5481270177,iza
5481270177,rebecarandrade
5481270177,vitorfadul
5481270177,padre_patrick
5481270177,cazetv
5481270177,brazilianversion
5481270177,fatosdesconhecidos
5481270177,marcosmion
5481270177,ivana__jauregui
5481270177,brunogagliasso
5481270177,eduardosuplicy
5481270177,thiago.nigro
5481270177,rodaviva_tvcultura
5481270177,gabi_mariliagabriela
5481270177,alok
5481270177,giovannaantonelli
5481270177,joaoseupimenta
5481270177,filosofia.incerta
5481270177,angelicaksy
5481270177,thalesbretas
5481270177,cafefilosofico_oficial
5481270177,moseviviane
5481270177,flaviodino
5481270177,mariaaribeiro
5481270177,alfinetei
5481270177,aradiorock
5481270177,pedroandradetv
5481270177,zeliaduncan
5481270177,marcioatalla
5481270177,belagil
5481270177,esquerdogata_79
5481270177,escurecendofatos
5481270177,fernandabrittoprotocolo
5481270177,viladospoetas
1659918613,_theaccentguy_
1659918613,bbclearningenglish
1659918613,englishmanmike
1659918613,jordan_the_stallion8
1659918613,britspeak
1659918613,instantenglishuk
1659918613,word_craftacademy
1659918613,noeldeyzel_bodybuilder
1659918613,johnsenglishpage
1659918613,ginganinja100
1659918613,englishwithsteveford
1659918613,darealboeshi
1659918613,wisdm
1659918613,englishwithlucy
1659918613,beespeakerapp
1659918613,evancronin_
1659918613,famous_ram
1659918613,english_right_now
1659918613,your.bummy.math.tutor
1659918613,idksterlingofficial
1659918613,shanefanx
1659918613,englishattheready
1659918613,daniellalewicz
1659918613,atfrenchies
1659918613,9gag
1659918613,english.with.aga
1659918613,fuckboyproblem.s
1659918613,speakenglishwithtiffani
1659918613,officialstickreviews
1659918613,miwuscience
1659918613,father_david_michael
1659918613,fast_english_class_360
1659918613,ielts.lessson
1659918613,quickenglishfluency
1659918613,speakingwithyasir
1659918613,learnenglishwithbobby
1659918613,sciencefunn
1659918613,theplumpcover
1659918613,eren_lenox
1659918613,jackalexanderenglish
1659918613,lawbymike
1659918613,433
1659918613,pierocgrieco
1659918613,ephraimlisk_
1659918613,ielts_advantage
1659918613,antonios.english
1659918613,the_goodfilms
1659918613,fabriziorom
1659918613,premierleague
1659918613,juan.cortez3
1659918613,pun_bible
1659918613,improveyourenglishwithevelyn
1659918613,findgoodsongs
1659918613,creative_explained
1659918613,englishwithcontext
1659918613,eflteacher_
1659918613,sushi.monsters
1659918613,mythicalreel.pull
1659918613,tiboinshape
1659918613,askmeknowledge
1659918613,official.mr.hungry
1659918613,omaragamyy
1659918613,duolingo
1659918613,nba
1659918613,uncle_dijon
1659918613,neoenglishwithpam
1659918613,empower_english2020
1659918613,donmeme2981
1659918613,robertgreeneofficial
1659918613,houseofhighlights
1659918613,mrnigelng
1659918613,lourrutiappt
1659918613,laufey
1659918613,imkingchristian
1659918613,thestevenhe
1659918613,teachingmensfashion
1659918613,agoodwitchofficial
1659918613,naturalhabitatshorts
1659918613,mr.onlywords
1659918613,james.gentz
34740496057,rafaellatuma
34740496057,netflixbrasil
34740496057,giovanacamilee
34740496057,franklinmedrado
34740496057,greengodictionary
34740496057,jedinizm
34740496057,brazilianversion
34740496057,rebecarandrade
34740496057,bbcbrasil
34740496057,yasmincastilho
34740496057,teacherdavid
34740496057,bianca
34740496057,hugogloss
34740496057,danichoma
34740496057,ivana__jauregui
34740496057,fatosdesconhecidos
34740496057,biancacamargo
34740496057,mariagolob
34740496057,raphadoingles
34740496057,cazetv
34740496057,tododiatheoffice
34740496057,obvious.cc
34740496057,scottlowe.br
34740496057,manoellacampellonutri
34740496057,marimaria
34740496057,tata
34740496057,frasesdecriancas
34740496057,saquinhodelixo
34740496057,raquelrealoficial
34740496057,thiago.nigro
34740496057,mubizelli
34740496057,manualdomundo
34740496057,matheuscosta
34740496057,desafiomeioambiente
34740496057,bomtalvao
34740496057,mister.emerson
34740496057,depoisquepariduas
34740496057,ocoala01
34740496057,rayssalealsk8
34740496057,karolresendee
34740496057,ajuvichagas
34740496057,marcelataisoficial
34740496057,isascherer
34740496057,jumcassini
34740496057,pedroloos
34740496057,virginia
34740496057,iza
34740496057,brunomars
34740496057,viihtube
34740496057,isabellalacerda_nutri
34740496057,isaias
34740496057,hendyohara
34740496057,coisaspvchapado
34740496057,cocielo
34740496057,jojotodynho
34740496057,felca0
34740496057,folhadespaulo
34740496057,pefabiodemelo
34740496057,lulaoficial
34740496057,gutogalamba
34740496057,ofaustocarvalho
34740496057,ocrentesincero
34740496057,aradiorock
34740496057,fernandacintra.s
34740496057,lacteameufii
34740496057,guilhermeboulos.oficial
34740496057,biaben
34740496057,jessicaribeiroparish
34740496057,alfinetei
34740496057,alok
34740496057,chefbrunalopes
34740496057,timexplica
34740496057,carolmoreira3
34740496057,affthehype
34740496057,sophiablairr
34740496057,4englishteachers
34740496057,nicknobrasil_
34740496057,clinicacintiamartins
34740496057,sonhealtoviagens
34740496057,bblingue
7246472504,funk
7246472504,heuteshow
7246472504,terrax
7246472504,extra3
7246472504,deutschlandfunkkultur
7246472504,sz
7246472504,terraxhistory
7246472504,szmagazin
7246472504,xskincare
7246472504,minister.habeck
7246472504,taz.die_tageszeitung
7246472504,mmd
7246472504,janboehm
7246472504,faktastisch
7246472504,marcuwekling
7246472504,alman_memes2.0
7246472504,weltspiegel
7246472504,fridaysforfuture.de
7246472504,gynaekollege
7246472504,nini_erklaert_politik
7246472504,dejangarz
7246472504,netzlehrer
7246472504,pflanzlich.stark
7246472504,tommischmitt
7246472504,swraktuell
7246472504,dariadaria
7246472504,zdfwiso
7246472504,handelsblatt
7246472504,tagesspiegel
7246472504,fluter
7246472504,eckart_von_hirschhausen
7246472504,jetzt_de
7246472504,mauricehoefgen
7246472504,zeitmagazin
7246472504,robert_lindemann
7246472504,levipenell
7246472504,wdr
7246472504,gazelleishername
7246472504,sallylisastarken
7246472504,netflixde
7246472504,reschkefernsehen
7246472504,yoodel.co
7246472504,jurafakten
7246472504,philippsteuer
7246472504,cosmo
7246472504,ndr.de
7246472504,deep.und.deutlich
7246472504,artgerechtprojekt
7246472504,goodenoughparents_derfilm
7246472504,peter_wohlleben
7246472504,dasistalsokunst
7246472504,avalino.diversity
7246472504,goodnewsmagazin
7246472504,annisbuntewelt
7246472504,gilda_sahebi
7246472504,martinhsonneborn
7246472504,doktordab
7246472504,ingwar.perowanowitsch
7246472504,9gag
7246472504,y_kollektiv
7246472504,fitgreenmind
7246472504,pinkstinks_de
7246472504,alexandra___z
7246472504,helge.mark
7246472504,lutz.vanderhorst
7246472504,oekochecker
7246472504,gesundheitsfakten
7246472504,kikidoyouloveme
7246472504,sisu_lou_
7246472504,same_memes
7246472504,elisa_wag
7246472504,innn.it
7246472504,mesarosch
7246472504,elisabeth.koblitz
7246472504,trudoku
7246472504,malika_babel
7246472504,felix_lobrecht
7246472504,niklasunddavid
7246472504,nicostank
7246472504,dr.emi
913097167,virginia
913097167,jojotodynho
913097167,alfinetei
913097167,hugogloss
913097167,iza
913097167,patrickbelmiro
913097167,consciencia.intima
913097167,isaias
913097167,leodias
913097167,viihtube
913097167,thallysson
913097167,lomma
913097167,netflixbrasil
913097167,ga.meireles
913097167,gabopantaleao
913097167,fofoquei
913097167,padre_patrick
913097167,patriciaramos
913097167,sarcasmofeminino
913097167,pefabiodemelo
913097167,luisasonza
913097167,diferentona
913097167,bianca
913097167,sthefanematos
913097167,ressaltandoamor
913097167,umamorsafado
913097167,sobreautoestima
913097167,edysilvaa_oficial
913097167,deiveleonardo
913097167,rafaellatuma
913097167,tricotei
913097167,brunogagliasso
913097167,soucaos
913097167,sigofrases
913097167,brazilianversion
913097167,soldadoferido
913097167,giovannaantonelli
913097167,gshow
913097167,caciano
913097167,gabryellurlan
913097167,bomtalvao
913097167,marcelamcgowan
913097167,comecorda
913097167,euxama
913097167,fatosdesconhecidos
913097167,soueunavida
913097167,bispobrunoleonardo
913097167,subcelebrities
913097167,melissamelmaia
913097167,memesbrasil
913097167,lulaoficial
913097167,waguinhov
913097167,marimaria
913097167,neymarjr
913097167,viralizou
913097167,paginalixo
913097167,xuxameneghel
913097167,hendyohara
913097167,pedroca
913097167,delmaeusebio
913097167,jacquesvanier
913097167,brunabiancardi
913097167,franklinmedrado
913097167,yasmincastilho
913097167,rebecarandrade
913097167,marifernandez
913097167,marcosmion
913097167,smsindelicado
913097167,pimentasexy.shop
913097167,anitta
913097167,rodrigo_lopes_escritor
913097167,conselhos.intimos
913097167,tudoeras
913097167,relatizou
913097167,mister.emerson
913097167,omusojoao
913097167,amandafitas
913097167,taradadohumor
913097167,andersonprofetaa
913097167,solteirinhaa
10375807353,marioalonsopuig
10375807353,mentalidadseiko
10375807353,mentesexpertas
10375807353,bbcmundo
10375807353,masinnovaciones
10375807353,johnnyabraham._
10375807353,cnnee
10375807353,ehuniverso
10375807353,soyhumanologo
10375807353,psicovivir
10375807353,motivarte365
10375807353,tatiarias_
10375807353,greeicy
10375807353,elmundo_es
10375807353,elvaabril
10375807353,conamor.leti
10375807353,365fanpage
10375807353,unamentelibre
10375807353,enriquerojasoficial
10375807353,pictoline
10375807353,franciscosolaok
10375807353,freeda_es
10375807353,literlandweb
10375807353,borjavilaseca
10375807353,duendes.avalon
10375807353,mamaconamor
10375807353,santiagomolano
10375807353,nachter
10375807353,crianza_con_proposito
10375807353,thejordisegues
10375807353,mujersoberana
10375807353,camilo
10375807353,nazareth.castellanos
10375807353,valendeviaje
10375807353,sadhguruespanol
10375807353,jessicafdzg
10375807353,alejandroschujman
10375807353,losdenam
10375807353,pilarsordooficial
10375807353,therobertawoodworth
10375807353,byanamilan
10375807353,historylatam
10375807353,naranxadul
10375807353,luciahormigo
10375807353,inspirarte.365
10375807353,ninosdeahora
10375807353,sentidopositivo
10375807353,fonsecamusic
10375807353,mundopsicologos
10375807353,nutrillermo
10375807353,requenaoficial
10375807353,queseasmuyfeliz_
10375807353,jousfit
10375807353,mariacorinamachado
10375807353,amordeuncafe
10375807353,coldplay
10375807353,nayibbukele
10375807353,habitos_exitosos
10375807353,ultimahoracol
10375807353,elsapunset
10375807353,sergionovelli
10375807353,carlosvives
10375807353,descodificadora_biologica
10375807353,kuestiona
10375807353,efectoxitocina
10375807353,diariodereflexion
10375807353,psicoespacio
10375807353,playgroundmag
10375807353,enowlatino
10375807353,econewses
10375807353,saracarbonero
10375807353,caterinavalentino
10375807353,s.bilinkis
10375807353,olavarrietaluis
10375807353,somatica__
10375807353,caraotadigital
10375807353,los_chicaneros
10375807353,revolucioncrianza
10375807353,lolas.lat
10375807353,jpv.growth
7324243398,motivation_line_
7324243398,ncert_study_course
7324243398,aajtak
7324243398,zindagi.gulzar.h
7324243398,bhajanmarg_official
7324243398,ekkadamsafaltakiorr
7324243398,gajabtathya_official
7324243398,iamjayakishori
7324243398,gk.news
7324243398,shivammalik09
7324243398,learn.english.line
7324243398,instantbollywood
7324243398,dr.apj_abdul_kalam__
7324243398,nextstudy.in
7324243398,lifetime_motivation
7324243398,motivation.milestone
7324243398,zeenews
7324243398,elvish_yadav
7324243398,gkquestions5079
7324243398,naughtyworld
7324243398,_life_changing_tips
7324243398,successmantra.1
7324243398,niteshsoniy
7324243398,bpraak
7324243398,everyday.current.gk
7324243398,current.affairs.daily
7324243398,english_knowledge_55
7324243398,iasworldofficial
7324243398,drishtiias
7324243398,sachintendulkar
7324243398,study._room
7324243398,shikhardofficial
7324243398,gyansandhya
7324243398,nehakakkar
7324243398,english.speaking.guru
7324243398,theindiansarcasm
7324243398,amitabhbachchan
7324243398,gururandhawa
7324243398,hardikpandya93
7324243398,motivation_.hindi
7324243398,upsc.pcs
7324243398,baba_hans_raghuwanshi
7324243398,shifuji_jaihind
7324243398,90s_song._
7324243398,shabdalay_
7324243398,safalbanoge
7324243398,dhruvrathee
7324243398,upsc.ias_gk
7324243398,kartikaaryan
7324243398,trolls_official
7324243398,everything_bhartiya
7324243398,business_sharemarket_guru
7324243398,incindia
7324243398,bhuvan.bam22
7324243398,aliaabhatt
7324243398,surya_14kumar
7324243398,shahidkapoor
7324243398,facts.wikipedia.hindi
7324243398,gazab_gyan_
7324243398,urvashirautela
7324243398,riteishd
7324243398,ghantaa
7324243398,gk_course
7324243398,news24official
7324243398,free_gs_fact
7324243398,shehnaazgill
7324243398,_adultgram_
7324243398,upsc_ncert
7324243398,parulgargmakeup
7324243398,generalstudiesforexam
7324243398,positive_thinking5079
7324243398,jeet_aapki888
7324243398,digital_study_hub
7324243398,gk_expert
7324243398,thinktank.ias
7324243398,unique.tathya
7324243398,ravindrabhati_9
7324243398,romita_tiwari_17
7324243398,motivation_ki_duniya__
7324243398,gajabgyaangk
2205968431,cambridgeenglish
2205968431,englishwithlucy
2205968431,ielts_advantage
2205968431,english.with.aga
2205968431,learningenglishwithoxford
2205968431,englishattheready
2205968431,johnsenglishpage
2205968431,bbcnews
2205968431,word_craftacademy
2205968431,englishcentral
2205968431,improveyouraccent
2205968431,instantenglishuk
2205968431,english_right_now
2205968431,britspeak
2205968431,eflteacher_
2205968431,speakenglishwithtiffani
2205968431,quickenglishfluency
2205968431,antonios.english
2205968431,efl_ana
2205968431,westminster_english
2205968431,fast_english_class_360
2205968431,neoenglishwithpam
2205968431,beespeakerapp
2205968431,ielts.lessson
2205968431,hadar.accentsway
2205968431,daniellalewicz
2205968431,english_grammar_vocabulary__
2205968431,improveyourenglishwithevelyn
2205968431,cambridgeconcheryl
2205968431,smashing.english
2205968431,befluent.ir
2205968431,englishwithcontext
2205968431,yasi.esl
2205968431,ellieenglishteacher
2205968431,asatirezaban_official
2205968431,english101_whithme
2205968431,yaznlaz
2205968431,english.mj
2205968431,letstalkenglishbsb
2205968431,_theaccentguy_
2205968431,friendsmilesaway_ingles_c1_c2
2205968431,farzadsoleimani.ir
2205968431,englishwithsteveford
2205968431,teachersam1
2205968431,english_pro_tips
2205968431,empower_english2020
2205968431,teachingenglishwithoxford
2205968431,happyenglishny
2205968431,english_lingo
2205968431,englishwithshiv
2205968431,englishwithgtm
2205968431,pronunciation.studio
2205968431,englishwithspeakayou
2205968431,bri_talk
2205968431,fluentspeakers
2205968431,ieltsbyidp
2205968431,prof_prep
2205968431,teacheregor
2205968431,english.grammar.vocab
2205968431,frankly_speaking_english
2205968431,9gag
2205968431,vocab.up
2205968431,dailyenglish2025
2205968431,english_new_way
2205968431,theeconomist
2205968431,speak_clearly_coach
2205968431,bbc
2205968431,english__with__nadiia
2205968431,the.english.online.academy
2205968431,englishtestbank
2205968431,teacher_danarogers
2205968431,guardian
2205968431,english.by.negin
2205968431,muyovocabulary
2205968431,cambridgeuniversity
2205968431,fallontonight
2205968431,ahmadmahdieh.english
2205968431,bbcmundo
2205968431,promova
2205968431,jackalexanderenglish
2637387153,medschoolbro
2637387153,surgerycases
2637387153,daily_medical_meme
2637387153,9gag
2637387153,medicalzy
2637387153,doc.iggy
2637387153,fuckboyproblem.s
2637387153,rae_timzy
2637387153,a_surgeons_journey
2637387153,deras.eraofficial
2637387153,lolita
2637387153,health.with.vg
2637387153,dr_mattbarrett
2637387153,explaining.biomedical
2637387153,netflixnmovies
2637387153,yabaleftonline
2637387153,medinaz_academy
2637387153,medschoolbro.study
2637387153,thehealthcarelearningplatform
2637387153,med.guide
2637387153,doctorjaybe
2637387153,lefthandedsurgeon
2637387153,simplenursing.com_
2637387153,nabil_medstudent
2637387153,my.anatomy.teacher
2637387153,r0dn3y__
2637387153,drlee90210
2637387153,estidinumf
2637387153,footdocdana
2637387153,sahtel_newfel
2637387153,muslim
2637387153,eye.on.palestine
2637387153,motaz_azaiza
2637387153,meme.ig
2637387153,factsdailyy
2637387153,medical_love
2637387153,bbcnews
2637387153,433
2637387153,todayyearsold
2637387153,girlzzzclub
2637387153,milliebobbybrown
2637387153,med_miracle__
2637387153,medwithmaz
2637387153,sciencefunn
2637387153,med.base
2637387153,talib.tib
2637387153,yiannispac
2637387153,med.docs
2637387153,the_goodfilms
2637387153,startdocteur
2637387153,pickuplines
2637387153,sarahpirklemd
2637387153,sabrinacarpenter
2637387153,jordan_the_stallion8
2637387153,med.bit
2637387153,rev.med
2637387153,projectdiversifymedicine
2637387153,therealdoctorjoel
2637387153,layiwasabi
2637387153,love.quotes
2637387153,voguemagazine
2637387153,kimkardashian
2637387153,funnythoughts01
2637387153,findgoodsongs
2637387153,pun_bible
2637387153,9meded
2637387153,aproko_doctor
2637387153,fabriziorom
2637387153,hidocdr
2637387153,projectimg
2637387153,piousdeenn
2637387153,mindset.therapy
2637387153,lfrara_dial_l7lib
2637387153,pulsenigeria247
2637387153,premierleague
2637387153,lalalalisa_m
2637387153,justinbieber
2637387153,you.me.and.md
2637387153,moroccanmedmemes
2637387153,yazdebullofficial
36553143639,nour.smd18
36553143639,sarah_redjil
36553143639,maya_redjil
36553143639,ahlamoori
36553143639,the.first.time.officiel
36553143639,noreneharid
36553143639,king.queen.official
36553143639,3adi_fi_beladi
36553143639,queen_sweets_imene
36553143639,amar_akhrib
36553143639,beauty_algerianne
36553143639,style_alg
36553143639,mohamed_voice
36553143639,chef_salah_lbatni
36553143639,chouaib_isdead
36553143639,riyabeauty25
36553143639,asmaseb
36553143639,ghano_cuisine.__
36553143639,hadjer__jija
36553143639,mounia.benfeghoul
36553143639,nidal_fed
36553143639,anfel_queen_cake
36553143639,les__femmes__dz
36553143639,ycf__x1
36553143639,re._.nna
36553143639,boutique_moda_princess
36553143639,norel.bmz
36553143639,3erays_lynda
36553143639,daily.french_
36553143639,aymen_boudraa_
36553143639,lifestyle_femme
36553143639,adem.pirate
36553143639,echorouk_news
36553143639,sidali.chee
36553143639,les_delices_de_fazou
36553143639,rifka.bjm
36553143639,imene_sahraoui_officiel
36553143639,nad_iah5
36553143639,dikra_the_midwife
36553143639,ayoya.zed
36553143639,dahem_boudour
36553143639,francais_avec_jouti
36553143639,chaima_ath
36553143639,rahma.kouadria
36553143639,_les_couples_amoureux
36553143639,prof_ketfi.cherif
36553143639,inesabdelli.officiel
36553143639,mehdi_patissier
36553143639,story.insta.tweets_dz
36553143639,dr_chms
36553143639,chahra_laameche_officiel
36553143639,thiziri__lifestyle
36553143639,tereza_bensafia
36553143639,ha_m_zouz_9
36553143639,francais_dz_facile
36553143639,rexleur
36553143639,prof_haigoune
36553143639,instantsprofs
36553143639,une_minute_de_francais
36553143639,prof__rania
36553143639,beinsports
36553143639,miss__soulef
36553143639,melissa_francais
36553143639,hanan.prof
36553143639,rahim.siouane
36553143639,prof_arab_baghradji
36553143639,prof_chahinez_bay
36553143639,tamoud_farida
36553143639,fatima_khf___
36553143639,_kasoest_
36553143639,amira_saidane_
36553143639,lydia.chg
36553143639,francais_avec_amira_33
36553143639,zahr.adjr
36553143639,prof6junior
36553143639,anesbekiri
36553143639,statut_algerie_dz
36553143639,qesmawnaseeb
36553143639,thedollbeauty
36553143639,imen_adjissi
256725831,estudantedepressao
256725831,rafaellatuma
256725831,franklinmedrado
256725831,odiogoalmeida
256725831,isaias
256725831,jedinizm
256725831,netflixbrasil
256725831,atividade.complementares
256725831,virginia
256725831,iza
256725831,mubizelli
256725831,hugogloss
256725831,thallysson
256725831,viihtube
256725831,mister.emerson
256725831,isabellalacerda_nutri
256725831,padre_patrick
256725831,alfinetei
256725831,fatosdesconhecidos
256725831,jojotodynho
256725831,bomtalvao
256725831,gabopantaleao
256725831,murilogroth_
256725831,tata
256725831,brino
256725831,frasesdecriancas
256725831,danichoma
256725831,dsloboda_
256725831,olkabone
256725831,yasmincastilho
256725831,ocoala01
256725831,rebecarandrade
256725831,bianca
256725831,nathanyrodriguesl
256725831,hendyohara
256725831,giovanacamilee
256725831,profmarcelcamargo
256725831,marcusenioficial
256725831,luizaquintela
256725831,soldadoferido
256725831,matheuscosta
256725831,bbcbrasil
256725831,paginalixo
256725831,vitordicastro
256725831,ajuvichagas
256725831,apocdaobra
256725831,andersonprofetaa
256725831,madaebica
256725831,cazetv
256725831,brazilianversion
256725831,enfermeiro.sincero
256725831,cocielo
256725831,lulaoficial
256725831,marimaria
256725831,euyurioliver
256725831,fofoquei
256725831,rafadomika
256725831,guilhermeboulos.oficial
256725831,pefabiodemelo
256725831,ocrentesincero
256725831,diferentona
256725831,biaben
256725831,greengodictionary
256725831,leodias
256725831,desafiomeioambiente
256725831,ivana__jauregui
256725831,jacquesvanier
256725831,folhadespaulo
256725831,dalvatabachi
256725831,profrebecacafe
256725831,hugomiglioli
256725831,eericborges
256725831,med.tequero
256725831,oimari7
256725831,umsabadoqualquer
256725831,leandrohassum
256725831,professorajuliacosta
256725831,eusoufabao
256725831,lorenaruizfernandes
256725831,andyrodriguesmakeup
